carfolder,folder_name,Cd,Cl,des_1,des_2,des_3,des_4,des_5,des_6,des_7,des_8,des_9,des_10,des_11,des_12,des_13,des_14,des_15,des_16,des_17,des_18,des_19,des_20,des_21,des_22,des_23,des_24,des_25,des_26,des_27,des_28,des_29,pca_1,pca_2,pca_3,ima_1,ima_2,ima_3,ima_4,ima_5,ima_6,ima_7,ima_8,ima_9,ima_10,ima_11,ima_12,ima_13,ima_14
cx5_001,cx5_001,0.315277,-0.055176,0.1,0.07,-0.034,-0.05,0.07,-0.05,-0.03,-0.03,-0.03,-0.02,0.07,1.0,-0.034,-0.05,-0.05,-0.03,-0.03,0.017,0.017,-0.07,0.017,-0.6,-0.05,-0.05,-0.02,0.017,0.017,0.0,-0.017,-0.04711188728263527,1.671350486181085,-0.02498419077179721,4.04210054021736,3.734996570276117,4.70874900062215,4.235931654399803,4.286246362147633,3.9769678891754596,4.154676766323292,3.468435786272317,3.6231802675318274,3.3762434248577935,4.1955014019895085,4.033544260387562,4.120206947603791,4.244452913318944
cx5_002,cx5_002,0.321845,-0.02469,0.1,0.07,-0.034,-0.05,0.07,-0.05,-0.03,-0.03,-0.03,-0.02,0.07,1.0,-0.034,-0.05,-0.05,0.04,0.04,0.034,0.034,0.06,0.034,0.4,0.0,0.0,0.02,0.034,0.034,0.05,0.017,0.2061702450406495,1.5438769145193305,-1.009098772382964,4.032121958970765,3.8113824293976455,4.7115703172996195,4.085848141952027,4.302046265377327,3.6808429712371917,3.7482560351203995,3.4707599228739903,3.4771442732811937,3.5399661992827416,4.3504688612689515,4.141242929882033,3.86785553352871,4.472200826515842
cx5_003,cx5_003,0.315279,-0.038667,0.1,0.07,-0.034,-0.05,0.07,-0.05,-0.03,0.04,0.04,-0.01,0.075,1.05,-0.017,0.05,0.05,-0.03,-0.03,0.017,0.017,-0.07,0.017,-0.6,-0.05,0.0,0.02,0.034,0.034,0.05,0.017,,,,,,,,,,,,,,,,,
cx5_004,cx5_004,0.323143,-0.037685,0.1,0.07,-0.034,-0.05,0.07,-0.05,-0.03,0.04,0.04,-0.01,0.075,1.05,-0.017,0.05,0.05,0.04,0.04,0.034,0.034,0.06,0.034,0.4,0.0,-0.05,-0.02,0.017,0.017,0.0,-0.017,-0.5522593260552844,1.4272331234980165,-0.10571759779196038,3.813884825646058,3.549821707756277,4.514257944799235,4.146676258950939,4.112777291425559,3.9605669346015064,4.166273399154935,3.347028392074964,3.487346878508993,3.2101731184291027,4.0885193290786255,3.903651114446002,4.031952276412479,4.150734327279093
cx5_005,cx5_005,0.315029,-0.045374,0.1,0.07,-0.034,0.0,0.14,0.0,0.04,-0.03,-0.03,-0.02,0.07,1.05,-0.017,0.05,0.05,-0.03,-0.03,0.017,0.017,0.06,0.034,0.4,0.0,-0.05,-0.02,0.017,0.017,0.05,0.017,-0.6143141885418486,1.834967347561383,-0.3316058043341691,3.955632716333565,3.695539002769462,4.744728010747659,4.2480457721630565,4.309247254662391,3.841807793707317,4.137555640468521,3.2759873550964658,3.371745591994397,3.1641147516993327,4.038679525878155,3.8646336730443602,3.9654482706141407,4.14599425856391
cx5_006,cx5_006,0.325002,-0.047901,0.1,0.07,-0.034,0.0,0.14,0.0,0.04,-0.03,-0.03,-0.02,0.07,1.05,-0.017,0.05,0.05,0.04,0.04,0.034,0.034,-0.07,0.017,-0.6,-0.05,0.0,0.02,0.034,0.034,0.0,-0.017,-0.5375166030090148,1.7127636911625874,-0.32451293366698336,3.926526609622451,3.6681934080089738,4.685403492584212,4.211188396246926,4.260234017394929,3.8597125692771783,4.116266038560583,3.3082608092173635,3.4086455826382838,3.20350443202177,4.0741677308875,3.8949210884204812,3.9751556777922437,4.171253431111394
cx5_007,cx5_007,0.32035,-0.039752,0.1,0.07,-0.034,0.0,0.14,0.0,0.04,0.04,0.04,-0.01,0.075,1.0,-0.034,-0.05,-0.05,-0.03,-0.03,0.017,0.017,0.06,0.034,0.4,0.0,0.0,0.02,0.034,0.034,0.0,-0.017,-1.5684248741160634,1.8060891511862334,-1.0845659187733676,3.682955049756908,3.539014845882611,4.645571377026035,4.146286662703903,4.214564239089066,3.5704074159838,3.9887522866315726,2.9606972417812236,2.9262319384261604,2.8473106408989066,3.8274937453980447,3.6064441977015456,3.633019844384515,4.037948812246333
cx5_008,cx5_008,0.309433,-0.036357,0.1,0.07,-0.034,0.0,0.14,0.0,0.04,0.04,0.04,-0.01,0.075,1.0,-0.034,-0.05,-0.05,0.04,0.04,0.034,0.034,-0.07,0.017,-0.6,-0.05,-0.05,-0.02,0.017,0.017,0.05,0.017,-1.53074671680233,2.347871918224083,-0.4150603267705125,3.925132806468554,3.690323931770316,4.92376996199059,4.3922782386670685,4.445320507022862,3.7299164154219535,4.287360259563949,2.975366531401036,3.0353623512104764,2.776160238166743,3.7270305450381764,3.5649346375321698,3.8367285435139853,3.9047773308334843
cx5_009,cx5_009,0.320045,-0.0604,0.1,0.14,-0.017,-0.05,0.07,0.0,0.04,-0.03,-0.03,-0.01,0.075,1.0,-0.034,0.05,0.05,-0.03,-0.03,0.034,0.034,-0.07,0.017,0.4,0.0,-0.05,-0.02,0.034,0.034,0.0,-0.017,-0.22282628473505617,1.4384570330845285,0.11653403335085294,3.907631695875865,3.6069250938224737,4.550855418809104,4.177907138460635,4.147810629624424,4.041947251058058,4.2040578991602455,3.4528016246725617,3.632140982325944,3.321612583404472,4.163930571702115,3.993682819109708,4.135956758063627,4.194028169872409
cx5_010,cx5_010,0.316076,-0.068048,0.1,0.14,-0.017,-0.05,0.07,0.0,0.04,-0.03,-0.03,-0.01,0.075,1.0,-0.034,0.05,0.05,0.04,0.04,0.017,0.017,0.06,0.034,-0.6,-0.05,0.0,0.02,0.017,0.017,0.05,0.017,-0.06028163790156027,1.1233107469449894,-1.3580542513185634,3.787777804380087,3.632674340283327,4.459229830195445,3.912601529106855,4.086215593294101,3.604467730696907,3.6105479089935235,3.408595947397098,3.365268786577384,3.4952908869271835,4.350036702957231,4.09963740828887,3.7295788736015956,4.4906843899262086
cx5_011,cx5_011,0.31669,-0.061644,0.1,0.14,-0.017,-0.05,0.07,0.0,0.04,0.04,0.04,-0.02,0.07,1.05,-0.017,-0.05,-0.05,-0.03,-0.03,0.034,0.034,-0.07,0.017,0.4,0.0,0.0,0.02,0.017,0.017,0.05,0.017,-0.22476676884455138,1.2374413307033514,-0.15992851488745155,3.820173056975202,3.5552407793655365,4.450336322896568,4.0835308887309445,4.064954549922686,3.9740898025662355,4.081432684242406,3.4484056966922485,3.588457775685871,3.354193682257893,4.206542975013983,4.013327805771063,4.053820313214628,4.2508658882824255
cx5_012,cx5_012,0.312281,-0.035897,0.1,0.14,-0.017,-0.05,0.07,0.0,0.04,0.04,0.04,-0.02,0.07,1.05,-0.017,-0.05,-0.05,0.04,0.04,0.017,0.017,0.06,0.034,-0.6,-0.05,-0.05,-0.02,0.034,0.034,0.0,-0.017,0.043282482886501494,1.199931244454019,-0.12771270423189426,3.874250494467212,3.5956709861992913,4.460562233827597,4.0774280179939275,4.078200043250728,3.9972739181691987,4.0529152951519505,3.5269053408361803,3.6763495823893373,3.4574423834616717,4.2838315423750215,4.093437925411553,4.095276189552582,4.312976783813069
cx5_013,cx5_013,0.321332,-0.034581,0.1,0.14,-0.017,0.0,0.14,-0.05,-0.03,-0.03,-0.03,-0.01,0.075,1.05,-0.017,-0.05,-0.05,-0.03,-0.03,0.034,0.034,0.06,0.034,-0.6,-0.05,-0.05,-0.02,0.034,0.034,0.05,0.017,-0.146337166696761,1.7194775476550088,-1.4253722237903494,4.002522301940031,3.8284485207219974,4.785209753225237,4.090796656641386,4.361877112627917,3.5159663089772013,3.663643613477701,3.3267435425444285,3.2595650197421464,3.414648265962704,4.260060926222867,4.037221437044557,3.7081387450099004,4.442591589565217
cx5_014,cx5_014,0.334692,-0.056297,0.1,0.14,-0.017,0.0,0.14,-0.05,-0.03,-0.03,-0.03,-0.01,0.075,1.05,-0.017,-0.05,-0.05,0.04,0.04,0.017,0.017,-0.07,0.017,0.4,0.0,0.0,0.02,0.017,0.017,0.0,-0.017,-1.0290631979125995,1.9087046560643195,-0.8014314658485905,3.8681777328518048,3.667648575906666,4.756166022832205,4.214576048470627,4.315647720218026,3.668515868488636,4.030552091614318,3.119979904017812,3.1350218949360653,3.027072597430027,3.9466414299363874,3.7504136370022585,3.7813793118741015,4.116436709676749
cx5_015,cx5_015,0.320751,-0.065275,0.1,0.14,-0.017,0.0,0.14,-0.05,-0.03,0.04,0.04,-0.02,0.07,1.0,-0.034,0.05,0.05,-0.03,-0.03,0.034,0.034,0.06,0.034,-0.6,-0.05,0.0,0.02,0.017,0.017,0.0,-0.017,-0.09650169778583573,1.5387957512469708,-1.2348499931598742,3.9475651860574743,3.7622484598434838,4.6818203396897395,4.056336236868317,4.273339752373059,3.5985463229843617,3.7062747941118706,3.3714109799941836,3.3384574560399223,3.4383604906321015,4.28207354403358,4.058735295011393,3.766206888827588,4.435556430966841
cx5_016,cx5_016,0.310414,-0.033529,0.1,0.14,-0.017,0.0,0.14,-0.05,-0.03,0.04,0.04,-0.02,0.07,1.0,-0.034,0.05,0.05,0.04,0.04,0.017,0.017,-0.07,0.017,0.4,0.0,-0.05,-0.02,0.034,0.034,0.05,0.017,-1.0000000215954072,2.123373457297486,-0.04761515914246751,3.9794342976391723,3.696621014807193,4.8466206285894415,4.3677784952756955,4.386178162579826,3.8900737838993047,4.324787428748421,3.168176037809642,3.297450974589367,2.9762426031695943,3.8765865900778724,3.7255898012102544,4.003579774974642,3.988516497564076
cx5_017,cx5_017,0.320874,-0.045666,0.2,0.07,-0.017,-0.05,0.14,-0.05,0.04,-0.03,0.04,-0.02,0.075,1.0,-0.017,-0.05,0.05,-0.03,0.04,0.017,0.034,-0.07,0.034,-0.6,0.0,-0.05,0.02,0.017,0.034,0.0,0.017,0.10072609769460272,1.8346386346811219,-0.3017632670710553,4.138407047382935,3.842251324733164,4.830264097722532,4.256576125308843,4.394519029403815,3.8748274750354104,4.0521086194980365,3.4720590094066823,3.5820423041432177,3.4340869658160083,4.23697326047161,4.073255299410617,4.06138198676788,4.314330449028991
cx5_018,cx5_018,0.316852,-0.071283,0.2,0.07,-0.017,-0.05,0.14,-0.05,0.04,-0.03,0.04,-0.02,0.075,1.0,-0.017,-0.05,0.05,0.04,-0.03,0.034,0.017,0.06,0.017,0.4,-0.05,0.0,-0.02,0.034,0.017,0.05,-0.017,-0.10594193490803328,1.9112484671114451,-0.2979487077988494,4.1164600464712695,3.8258098502126563,4.8477962346922086,4.279462233984232,4.405617602472874,3.8610985703365253,4.089805621208267,3.409538481662645,3.515802337735732,3.3486944336502646,4.169731057594423,4.007640562909418,4.038282943391112,4.258787347314904
cx5_019,cx5_019,0.328293,-0.06283,0.2,0.07,-0.017,-0.05,0.14,-0.05,0.04,0.04,-0.03,-0.01,0.07,1.05,-0.034,0.05,-0.05,-0.03,0.04,0.017,0.034,-0.07,0.034,-0.6,0.0,0.0,-0.02,0.034,0.017,0.05,-0.017,-1.3318575621742004,1.362544932967456,-0.21017003150218563,3.586887973226105,3.372051317780494,4.387776704850467,4.108839013547756,3.992259310437877,3.9082990272602305,4.226056369691592,3.133386497992823,3.2482425388596243,2.925601871812554,3.8850588244325848,3.682285243083694,3.9058744705717023,3.982922005802589
cx5_020,cx5_020,0.320431,-0.056372,0.2,0.07,-0.017,-0.05,0.14,-0.05,0.04,0.04,-0.03,-0.01,0.07,1.05,-0.034,0.05,-0.05,0.04,-0.03,0.034,0.017,0.06,0.017,0.4,-0.05,-0.05,0.02,0.017,0.034,0.0,0.017,-1.475337920577945,1.7663219811964055,0.12356197887326006,3.719707033673458,3.4605659520907914,4.581499286162271,4.272098992048726,4.1510574081170155,3.968174154962296,4.4115575503749245,3.084807332829276,3.2418612201307235,2.816869554071585,3.7736871850902345,3.605348818246532,3.989454289632233,3.8687127663248773
cx5_021,cx5_021,0.321624,-0.036827,0.2,0.07,-0.017,0.0,0.07,0.0,-0.03,-0.03,0.04,-0.02,0.075,1.05,-0.034,0.05,-0.05,-0.03,0.04,0.017,0.034,0.06,0.017,0.4,-0.05,-0.05,0.02,0.017,0.034,0.05,-0.017,0.16142386296258227,1.2871254033728903,0.40417712007445145,3.951939474358336,3.6139098774464866,4.50031523812593,4.1661355027153535,4.109308711907534,4.163684334781348,4.240264060982503,3.5930980640237644,3.8257565415067267,3.4642554182830785,4.269366287821586,4.108708473026385,4.263095284988545,4.250460789587969
cx5_022,cx5_022,0.32051,-0.052041,0.2,0.07,-0.017,0.0,0.07,0.0,-0.03,-0.03,0.04,-0.02,0.075,1.05,-0.034,0.05,-0.05,0.04,-0.03,0.034,0.017,-0.07,0.034,-0.6,0.0,0.0,-0.02,0.034,0.017,0.0,0.017,0.2274253061171445,1.7508762392730777,-0.6994285603617625,4.127688674944466,3.8668808097724066,4.816326427097218,4.186018960560556,4.388550205207709,3.759421773763516,3.881030418820466,3.482474170465236,3.533489399861194,3.512299210050817,4.310234474775072,4.1260117139867045,3.961936322082593,4.414315942015433
cx5_023,cx5_023,0.320645,-0.05381,0.2,0.07,-0.017,0.0,0.07,0.0,-0.03,0.04,-0.03,-0.01,0.07,1.0,-0.017,-0.05,0.05,-0.03,0.04,0.017,0.034,0.06,0.017,0.4,-0.05,0.0,-0.02,0.034,0.017,0.0,0.017,0.17532013385320977,1.606770767864342,-0.6349443627449525,4.05835857808804,3.8010284518392563,4.726535230302972,4.14790181400276,4.310834068358972,3.7940166354437297,3.895560775715307,3.4863157791635366,3.5496847938707834,3.5013298660111847,4.3081800876635965,4.11851672403089,3.971999441490641,4.400535527319595
cx5_024,cx5_024,0.320717,-0.040718,0.2,0.07,-0.017,0.0,0.07,0.0,-0.03,0.04,-0.03,-0.01,0.07,1.0,-0.017,-0.05,0.05,0.04,-0.03,0.034,0.017,-0.07,0.034,-0.6,0.0,-0.05,0.02,0.017,0.034,0.05,-0.017,,,,,,,,,,,,,,,,,
cx5_025,cx5_025,0.311475,-0.049819,0.2,0.14,-0.034,-0.05,0.14,0.0,-0.03,-0.03,0.04,-0.01,0.07,1.0,-0.017,0.05,-0.05,-0.03,0.04,0.034,0.017,-0.07,0.034,0.4,-0.05,-0.05,0.02,0.034,0.017,0.0,0.017,0.08180701480602404,2.0394555717194294,-1.095890242195479,4.196435132209727,3.965264789303924,4.97747588111562,4.2300797288975405,4.526210710085767,3.5955848927136866,3.7882835330735674,3.385975169413878,3.3669925372072806,3.4546276519974186,4.2630316321023525,4.07467998319242,3.8347555523541796,4.424391606340755
cx5_026,cx5_026,0.321045,-0.053572,0.2,0.14,-0.034,-0.05,0.14,0.0,-0.03,-0.03,0.04,-0.01,0.07,1.0,-0.017,0.05,-0.05,0.04,-0.03,0.017,0.034,0.06,0.017,-0.6,0.0,0.0,-0.02,0.017,0.034,0.05,-0.017,-0.22433931270043672,1.9396939586192499,-0.2812050786646878,4.0980629411981315,3.8099653303903946,4.848560727801884,4.289400245401277,4.403971125034113,3.859594873422341,4.114990766970695,3.3762490976226176,3.482979913193951,3.3002816068996106,4.132017751523281,3.9706866022186293,4.028998592867077,4.225612483504354
cx5_027,cx5_027,0.326932,-0.031351,0.2,0.14,-0.034,-0.05,0.14,0.0,-0.03,0.04,-0.03,-0.02,0.075,1.05,-0.034,-0.05,0.05,-0.03,0.04,0.034,0.017,-0.07,0.034,0.4,-0.05,0.0,-0.02,0.017,0.034,0.05,-0.017,0.05356312799307539,1.4770914934607546,-0.5116062501298747,3.9784565778561554,3.721643000544768,4.633746576311133,4.120489229374515,4.228785102878045,3.8438123036161844,3.942488426651831,3.4746470304298267,3.5583766899913414,3.4592709790364524,4.280781251290656,4.088177552135147,3.990587061446419,4.359504460867716
cx5_028,cx5_028,0.332364,-0.05365,0.2,0.14,-0.034,-0.05,0.14,0.0,-0.03,0.04,-0.03,-0.02,0.075,1.05,-0.034,-0.05,0.05,0.04,-0.03,0.017,0.034,0.06,0.017,-0.6,0.0,-0.05,0.02,0.034,0.017,0.0,0.017,-0.06404743347332875,1.7007237876294905,0.20304854760564664,4.054985833290739,3.7259341174670766,4.713085611072899,4.270962412276294,4.287576496193992,4.046964514811049,4.243210147524188,3.4792218807010946,3.6689037321506386,3.3541836187009397,4.1713114764658865,4.020825166257823,4.183781529516627,4.2017998145863205
cx5_029,cx5_029,0.316888,-0.065007,0.2,0.14,-0.034,0.0,0.07,-0.05,0.04,-0.03,0.04,-0.01,0.07,1.05,-0.034,-0.05,0.05,-0.03,0.04,0.034,0.017,0.06,0.017,-0.6,0.0,-0.05,0.02,0.034,0.017,0.05,-0.017,-0.8103096476829683,1.5599679267476887,0.29885254616741913,3.8108743634215965,3.5145302795268543,4.539298955326369,4.232377401882197,4.125726341746489,4.068664858651768,4.362972547805234,3.297205757929837,3.4948252760517535,3.077406953850189,3.9721741804449313,3.8090590368671227,4.118002655535995,4.01470891154173
cx5_030,cx5_030,0.316936,-0.052557,0.2,0.14,-0.034,0.0,0.07,-0.05,0.04,-0.03,0.04,-0.01,0.07,1.05,-0.034,-0.05,0.05,0.04,-0.03,0.017,0.034,-0.07,0.034,0.4,-0.05,0.0,-0.02,0.017,0.034,0.0,0.017,-0.3178624142347404,1.5516461036928142,-1.1015398335647624,3.8994910728073937,3.7114009139683577,4.656199687010283,4.073915552733203,4.246393688410632,3.6330282951615827,3.7860246949378267,3.32082307205896,3.3055615619144856,3.3455028308150982,4.209195295335735,3.9896661386178547,3.777465484153424,4.359701506965368
cx5_031,cx5_031,0.324787,-0.049889,0.2,0.14,-0.034,0.0,0.07,-0.05,0.04,0.04,-0.03,-0.02,0.075,1.0,-0.017,0.05,-0.05,-0.03,0.04,0.034,0.017,0.06,0.017,-0.6,0.0,0.0,-0.02,0.017,0.034,0.0,0.017,-0.765818631135085,1.8178659681389302,0.26938019650467426,3.9245847338498074,3.6162622986362942,4.690277817210526,4.310021810782885,4.254913024489323,4.03293358335516,4.374811143941945,3.2839046777470053,3.47224127090389,3.0735875142935303,3.956172089151783,3.8059944257006606,4.118615984014249,4.013745105161324
cx5_032,cx5_032,0.312494,-0.073353,0.2,0.14,-0.034,0.0,0.07,-0.05,0.04,0.04,-0.03,-0.02,0.075,1.0,-0.017,0.05,-0.05,0.04,-0.03,0.017,0.034,-0.07,0.034,0.4,-0.05,-0.05,0.02,0.034,0.017,0.05,-0.017,,,,,,,,,,,,,,,,,
cx5_033,cx5_033,0.319110135,-0.057134104,0.2,0.08,-0.034,-0.05,0.14,-0.05,0.04,-0.02,0.04,-0.01,0.07,1.0,-0.016,0.048,0.05,0.04,-0.02,0.018,0.034,0.06,0.02,0.4,-0.05,0.0,-0.02,0.034,0.018,0.05,-0.016,-0.5530708651909253,2.0544116819598877,-0.45826067321704056,4.055914900234448,3.794025616812953,4.880511100995009,4.302717617514037,4.426713409485258,3.7793381539990656,4.10750774088002,3.2629878870038733,3.3352292533157435,3.175572956234008,4.038728555152864,3.871475623371629,3.939770304652069,4.167173539586341
cx5_034,cx5_034,0.319200943,-0.054958754,0.1,0.14,-0.016,-0.05,0.08,0.0,0.04,0.04,-0.02,-0.01,0.07,1.0,-0.016,0.05,0.05,-0.02,0.04,0.018,0.034,0.06,0.018,0.4,-0.05,0.0,-0.02,0.034,0.018,0.0,0.018,-0.28100951291202136,1.1930549487114863,-0.6551564063527596,3.776243544176462,3.5623545716732075,4.440450809022628,4.012842279363821,4.059983679476778,3.816957939625645,3.903834326932185,3.398051012748208,3.4605919815469703,3.3650749474849517,4.230716363562492,4.012445743421915,3.904653819900113,4.319736481635628
cx5_035,cx5_035,0.30434836,-0.033572279,0.1,0.08,-0.034,0.0,0.06,0.0,0.04,0.04,-0.02,-0.01,0.075,1.0,-0.034,-0.05,-0.05,0.04,0.04,0.016,0.034,-0.06,0.018,-0.6,-0.05,-0.05,-0.02,0.018,0.018,0.05,0.018,-1.1268974325716004,1.7005611098649922,-0.22510775257339186,3.773856242553084,3.534280048533414,4.602465621927176,4.214375589586066,4.17828586537568,3.873910905725109,4.230451111457394,3.157546258873321,3.26590706260388,2.97495134363461,3.9035153355604075,3.7206002933530926,3.9313806328445584,4.013352609335307
cx5_036,cx5_036,0.318442016,-0.047335723,0.1,0.14,-0.016,0.0,0.14,-0.05,-0.02,-0.02,-0.02,-0.01,0.075,1.05,-0.016,-0.05,-0.05,-0.04,0.04,0.018,0.034,-0.06,0.034,0.4,0.0,0.0,0.02,0.018,0.018,0.0,-0.016,-0.5051260383368346,1.4679411108634302,-1.3020251044175126,3.813519812255923,3.65697909184777,4.595403511547663,4.0235308177473055,4.1932069067640825,3.5710964999575268,3.7289955404528383,3.2617494337738635,3.214253780047362,3.2931265538137353,4.180674602149931,3.94543888213864,3.6960519512877132,4.351957155425327
cx5_037,cx5_037,0.321756934,-0.041376793,0.12,0.14,-0.016,-0.002,0.14,-0.05,-0.02,-0.04,-0.02,-0.01,0.07,1.05,-0.016,-0.048,-0.05,0.04,0.04,0.018,0.016,-0.06,0.016,0.4,0.0,0.0,0.02,0.034,0.018,0.05,-0.014,-0.9554230888662099,1.831494833801976,-0.6324143421908445,3.8601280101708415,3.644176807121407,4.714501922301718,4.210208826762297,4.2801127403956105,3.733825706081391,4.0736078440849965,3.160159678302394,3.2042635137345155,3.052069513579861,3.964579959836843,3.772689340769464,3.8376520330092148,4.112013406178573
cx5_038,cx5_038,0.315220585,-0.048912233,0.2,0.08,-0.03,-0.05,0.14,0.0,-0.02,-0.02,0.04,-0.01,0.07,1.0,-0.034,0.05,-0.05,-0.02,-0.02,0.018,0.018,-0.06,0.018,-0.58,-0.05,-0.05,-0.02,0.018,0.018,0.0,-0.018,-0.27145249153063133,2.093629831571935,-0.0672183390464241,4.152709381745864,3.8392664645901586,4.919521824871747,4.361575843226069,4.461416032559843,3.910708219067635,4.216267202621712,3.3666306049473436,3.503155639308779,3.256737367943614,4.085609503764484,3.9413544997820473,4.08660812871069,4.1699547810304445
cx5_039,cx5_039,0.313051115,-0.040559308,0.1,0.06,-0.016,-0.05,0.08,-0.05,-0.02,-0.02,0.04,-0.02,0.07,1.0,-0.034,-0.048,-0.05,-0.02,-0.02,0.018,0.018,-0.06,0.018,-0.6,-0.002,-0.05,-0.02,0.034,0.034,0.05,-0.016,-0.22100285052138213,1.7932676861704842,0.16938525994278578,4.051176856897129,3.728033778030774,4.7472310820986285,4.294929278363111,4.314009178050583,4.021036691214047,4.262336773606235,3.4257868914984053,3.60621026260946,3.288441557637005,4.118735983367462,3.9696855673346167,4.156260413654305,4.163302341854958
cx5_040,cx5_040,0.311801164,-0.046607237,0.2,0.14,-0.034,0.0,0.08,-0.05,0.04,0.04,-0.02,-0.02,0.075,1.0,-0.016,0.05,-0.05,0.04,-0.02,0.034,0.034,-0.06,0.034,-0.6,-0.05,-0.05,0.02,0.034,0.034,0.0,0.016,-0.30545484654020294,1.7041263753685953,-0.3870878441576103,3.9807049798656298,3.7178346987472626,4.711571093256362,4.203060020076407,4.287204377477277,3.847989493929571,4.061288499469054,3.3669535712525103,3.460796449133177,3.2960061979145565,4.144592439420961,3.965036263606042,3.985499426320727,4.238053041320199
cx5_041,cx5_041,0.310495999,-0.032772191,0.1,0.08,-0.034,-0.05,0.08,-0.048,-0.02,0.04,0.04,-0.01,0.075,1.05,-0.016,0.05,0.05,0.04,-0.02,0.016,0.018,-0.06,0.018,-0.6,0.0,-0.05,0.02,0.034,0.034,0.05,-0.018,-0.977265915992104,1.4264973937117151,0.1952126251599382,3.7125054154942125,3.4401643362498997,4.448874836848775,4.177601736805517,4.0468984038263285,4.044033125973854,4.332949168265918,3.2557192122262575,3.4375773657819284,3.031518326837002,3.9484535334755404,3.7715477027454725,4.066080246869385,3.9994838549970755
cx5_042,cx5_042,0.320585029,-0.049372299,0.2,0.14,-0.016,-0.05,0.14,0.0,-0.02,0.04,-0.02,-0.02,0.075,1.05,-0.034,-0.05,-0.05,0.04,-0.04,0.018,0.034,0.06,0.018,0.34,0.0,-0.05,0.02,0.034,0.018,0.0,0.018,0.009581178753302666,1.6269247513491347,0.13968308823190953,4.042732125843435,3.7197921117854933,4.683552775729089,4.241200436924167,4.264417483089645,4.036802797431112,4.20206107987864,3.5007545688193487,3.68298472245875,3.3922022743898346,4.205115003888647,4.048827731171458,4.173622252956638,4.2345318794808575
cx5_043,cx5_043,0.306795052,-0.046841968,0.1,0.08,-0.034,0.0,0.06,0.0,0.04,-0.04,0.04,-0.01,0.075,1.0,-0.034,-0.05,-0.05,0.04,0.04,0.018,0.034,-0.06,0.018,-0.6,-0.05,-0.05,-0.02,0.018,0.018,0.05,-0.016,-0.6276917894344627,1.7637365397945146,-0.22381447963340823,3.926334752362262,3.66029440240151,4.698510844632588,4.237939968047197,4.268820547919777,3.8838480932689374,4.170704141059349,3.2872304012387614,3.401166032204988,3.159042826119428,4.03581623857652,3.8626083658623838,3.993653181805248,4.129969005699342
cx5_044,cx5_044,0.308907453,-0.035243129,0.1,0.08,-0.034,-0.05,0.08,-0.05,-0.02,0.04,-0.02,-0.01,0.07,1.0,-0.034,-0.05,-0.05,-0.02,-0.02,0.034,0.018,-0.06,0.018,-0.6,-0.05,-0.05,-0.018,0.018,0.018,0.0,0.018,-0.5936653939384782,1.9941274365523576,-0.44391115246451474,4.021819929758501,3.7634397707203373,4.841215983072894,4.285196510930721,4.392504574717122,3.7891159910352825,4.111521288253014,3.2585068012811753,3.3336852686798704,3.164566657975212,4.033486564169161,3.8631598396969604,3.938070354223381,4.158888645119812
cx5_045,cx5_045,0.322406309,-0.05597109,0.2,0.08,-0.016,0.0,0.14,-0.05,0.04,0.04,-0.02,-0.01,0.07,1.05,-0.034,0.05,-0.05,0.04,-0.02,0.034,0.034,-0.08,0.018,0.4,-0.05,-0.05,-0.02,0.018,0.034,0.0,0.018,-1.5548867581173815,2.0405009020462526,0.06968019297388015,3.8077351084092164,3.543871082729881,4.72756174407249,4.351148675423522,4.274043416289953,3.918759040525148,4.433014893402889,3.034526822729531,3.176483397606111,2.7659100659703655,3.7227126070238814,3.5655269830413427,3.9681507059857357,3.8406041429750797
cx5_046,cx5_046,0.319683681,-0.045991298,0.2,0.14,-0.016,0.0,0.08,0.0,0.04,0.04,-0.02,-0.02,0.075,1.0,-0.016,0.042,-0.05,-0.02,0.04,0.018,0.018,0.06,0.034,-0.6,-0.052,0.0,0.022,0.018,0.034,0.05,0.018,0.11628387992409706,1.2750236525426395,-0.5965639078769571,3.911638506974543,3.669757012344199,4.532083236879204,4.0480640925671265,4.144413930336806,3.8400721159048565,3.880745856926607,3.5029736156589277,3.578333144002109,3.5055302932132664,4.328225752826633,4.121918302944089,3.9711239100309457,4.4012628762544175
cx5_047,cx5_047,0.31158987,-0.023044626,0.1,0.08,-0.034,-0.05,0.14,0.0,0.04,0.04,0.04,-0.01,0.075,1.0,-0.034,-0.05,0.052,0.04,0.04,0.034,0.034,-0.06,0.016,-0.6,-0.048,-0.05,-0.02,0.018,0.034,0.0,0.018,-1.1362254036757458,2.1551808713849834,-0.263305175138305,3.9522728363955615,3.6943825672982515,4.857322716320836,4.3521702143347225,4.394723809784605,3.8125057261904947,4.268142569276236,3.1114138387464085,3.204397517984083,2.934089931428,3.8497557010638657,3.6891505071907735,3.9256703792853758,3.988194866243736
cx5_048,cx5_048,0.31623088,-0.044856862,0.2,0.08,-0.016,-0.05,0.14,-0.05,-0.02,-0.02,0.04,-0.02,0.0702,1.004,-0.016,-0.05,0.05,0.04,0.04,0.034,0.034,0.06,0.018,0.4,-0.05,0.0,-0.02,0.034,0.018,0.05,0.018,0.19603702799212142,1.8307568507625263,-0.6171222026372133,4.15358944476326,3.8826359414276697,4.853569268623928,4.22014942130638,4.418847363948718,3.776431674574989,3.9240598769352184,3.4733351694345074,3.535212102000991,3.4887139052660423,4.286219844766162,4.10949468702491,3.982762254771149,4.388375543866838
cx5_049,cx5_049,0.322792194,-0.055417661,0.2,0.08,-0.018,0.0,0.14,0.0,-0.02,-0.04,-0.02,-0.01,0.07,1.0,-0.016,0.05,0.05,-0.02,0.04,0.018,0.04,0.06,0.018,-0.6,-0.05,0.0,-0.02,0.034,0.018,-0.006,-0.018,0.1254248889512628,1.9074390795261387,-0.6420282916693301,4.16565050293853,3.8965464123209417,4.88896599747922,4.240783828086397,4.4478277956691885,3.757853531321636,3.932992436925818,3.4453958265527818,3.500862578132556,3.4566513122211813,4.2591011556190645,4.084448295227813,3.968078489174579,4.370387048869263
cx5_050,cx5_050,0.313214393,-0.032193632,0.1,0.06,-0.018,-0.05,0.08,0.0,-0.02,0.04,0.04,-0.01,0.0702,1.05,-0.016,0.05,0.048,0.04,-0.02,0.018,0.018,-0.08,0.018,-0.6,-0.05,-0.05,0.02,0.034,0.034,0.05,0.018,,,,,,,,,,,,,,,,,
cx5_051,cx5_051,0.318723362,-0.044027518,0.2,0.14,-0.034,0.0,0.08,-0.05,0.04,0.04,-0.02,-0.02,0.075,1.0,-0.016,0.05,-0.05,0.04,0.04,0.034,0.034,-0.06,0.034,0.4,-0.052,-0.05,0.02,0.034,0.034,0.05,-0.016,-0.3344601766306967,1.546431613991798,-0.034323838398789094,3.9187319130069254,3.6320104165167977,4.604305647577736,4.193687728670433,4.192495910434783,3.9779669419527974,4.176133840698811,3.4010165014108673,3.5530082693449088,3.2784666644033997,4.130433023985846,3.9578076566143645,4.0806650232456985,4.18436689217626
cx5_052,cx5_052,0.310532704,-0.05062275,0.1,0.14,-0.034,0.0,0.08,-0.05,0.04,0.04,-0.02,-0.02,0.075,1.0,-0.016,0.05,-0.05,0.04,-0.02,0.034,0.034,-0.06,0.034,0.4,-0.05,-0.05,0.018,0.034,0.018,0.05,-0.016,-0.5440343209366021,1.5728877434947428,-0.46277671584502145,3.8656479027244592,3.627395596597316,4.612447851229416,4.151640971142056,4.199446473403999,3.8298142717680155,4.051329381999713,3.308072623081619,3.3895367338567364,3.2211104483580724,4.098582524920798,3.9056917436416065,3.932849570970511,4.2008494438372495
cx5_053,cx5_053,0.312835824,-0.026747859,0.1,0.08,-0.034,0.0,0.14,0.0,0.04,0.04,0.04,-0.02,0.075,1.052,-0.034,-0.05,-0.05,0.04,0.04,0.018,0.034,-0.06,0.016,-0.56,0.0,-0.05,-0.02,0.018,0.018,0.05,0.018,-0.9824125738494569,1.8967411171578679,0.32746812627870064,3.9023136128691194,3.594779424673622,4.70548100685113,4.33972403629283,4.263369237518794,4.036178747197019,4.433850154769966,3.222776407784529,3.415726541280297,2.981115622532858,3.8820802431625627,3.735935053223409,4.109861472145457,3.946924927433316
cx5_054,cx5_054,0.31064231,-0.06922898,0.2,0.14,-0.034,0.0,0.08,-0.05,0.04,0.04,-0.02,-0.02,0.075,1.0,-0.016,0.05,0.048,0.04,-0.02,0.018,0.016,-0.06,0.018,0.4,-0.052,-0.05,0.02,0.034,0.014,0.05,-0.016,-0.535394785414804,1.6832697837826824,0.32872286351391056,3.9309202642631975,3.6129347436577204,4.640421054723678,4.276362317014438,4.216249257603257,4.0740688403149745,4.3504833387385915,3.3630217673560003,3.566480854867995,3.169423566149705,4.032512706556803,3.880734804861938,4.161875461028676,4.068585915763197
cx5_055,cx5_055,0.320923171,-0.064189197,0.2,0.08,-0.018,-0.05,0.14,-0.05,0.04,-0.04,-0.02,-0.01,0.07,1.05,-0.034,0.046,-0.05,0.04,-0.02,0.034,0.034,-0.08,0.034,0.4,-0.05,-0.05,0.02,0.018,0.034,0.0,0.018,-0.7675795302392499,1.8733203326056618,-0.6615385525279365,3.924010211277777,3.6999799295343143,4.762044200688173,4.221351373859389,4.324120207667737,3.72605863719363,4.042347042979657,3.2050090746464477,3.2461990304298673,3.121469064582695,4.014298929903362,3.8257040811993024,3.852865853311515,4.159503625294935
cx5_056,cx5_056,0.315314804,-0.035899715,0.18,0.08,-0.016,0.0,0.08,0.0,-0.02,-0.02,0.04,-0.02,0.075,1.05,-0.018,0.048,-0.05,-0.02,0.04,0.018,0.034,0.06,0.018,-0.6,-0.05,-0.05,-0.02,0.018,0.034,0.05,-0.016,0.12266129906067769,1.3383302703196662,0.40935860060972135,3.9626530881361806,3.6234309312754744,4.524012890917318,4.182459451987845,4.128669144704376,4.158602304290199,4.253038815293889,3.5784352601551177,3.810346029098938,3.4447820711727455,4.252080775627872,4.093881164307035,4.260555540322087,4.2369716073603785
cx5_057,cx5_057,0.310868316,-0.051419704,0.12,0.08,-0.034,-0.05,0.08,-0.05,-0.02,0.04,0.04,-0.01,0.0744,1.05,-0.016,0.05,0.05,0.04,-0.04,0.018,0.018,-0.06,0.018,-0.6,0.0,0.0,0.018,0.036,0.016,0.05,0.018,-0.7972308277827662,1.5481948849430687,-0.5270801693055197,3.7897245624388036,3.5704776906347675,4.570645630426462,4.13474063499737,4.1599627738791405,3.8034152403108,4.059279971932921,3.2366177529590527,3.3051229211137416,3.13074968471346,4.035066325089284,3.8348158003463175,3.8831599748909644,4.15146918511503
cx5_058,cx5_058,0.318528919,-0.062266747,0.2,0.08,-0.016,-0.05,0.14,-0.048,0.04,-0.04,-0.02,-0.01,0.07,1.05,-0.034,0.05,-0.05,0.04,-0.02,0.016,0.018,0.06,0.016,0.4,-0.05,-0.05,-0.02,0.018,0.034,0.0,0.018,-0.7207654585136614,1.8121572609033745,0.04271892530855364,3.928355160887662,3.639381683792072,4.70254111902889,4.282755750976392,4.26816628702701,3.9617600961587134,4.285611525164522,3.278730287307733,3.4322375309788606,3.1041944976378932,3.9853425905380995,3.8253654217622133,4.05920154301911,4.061473251745737
cx5_059,cx5_059,0.318191355,-0.030871465,0.1,0.08,-0.034,-0.05,0.08,-0.05,-0.02,0.04,-0.02,-0.01,0.07,1.05,-0.018,0.05,0.05,-0.02,-0.02,0.034,0.018,-0.08,0.018,-0.6,-0.05,0.0,0.02,0.034,0.034,0.05,0.018,-0.8109442964474904,1.3035401727238778,-0.7489248326028699,3.683131820092987,3.4972490691714975,4.441878977866445,4.0328465857223,4.052433959814573,3.75750589719589,3.953287986740443,3.237239558319966,3.27575505957004,3.159519126598964,4.075721879244906,3.852465101738709,3.8145989431714655,4.199459789607381
cx5_060,cx5_060,0.317006863,-0.044380683,0.2,0.08,-0.016,0.0,0.08,0.0,-0.02,0.04,0.04,-0.02,0.07,1.05,-0.034,0.05,-0.05,0.04,-0.04,0.034,0.016,0.06,0.016,-0.58,-0.05,-0.05,0.02,0.018,0.034,0.05,-0.016,-0.311160136435809,1.4832162787388583,0.5094357785509759,3.9124221851396097,3.5769408201651043,4.5478542746693735,4.236001932832366,4.140143444578737,4.161248526826596,4.36391801170296,3.4558852137378064,3.694751995376026,3.2616384656867132,4.106369796968381,3.9548296531414855,4.2381837971854734,4.1065889770203565
cx5_061,cx5_061,0.322045422,-0.044574321,0.2,0.08,-0.016,-0.05,0.14,-0.05,-0.04,0.04,-0.02,-0.02,0.07,1.05,-0.034,0.05,-0.05,0.04,-0.02,0.034,0.018,-0.08,0.034,0.4,0.0,-0.052,0.02,0.018,0.018,0.0,0.018,-0.32940903974999514,1.8478371182182265,-0.13193661392928482,4.038151058388138,3.745515054434919,4.777819953580204,4.276894021104906,4.340701426597795,3.9142595990516638,4.173297914636482,3.367769916758087,3.4983799753136173,3.2597890270757004,4.103001096064261,3.9420985484392386,4.057572793035411,4.182034643553944
cx5_062,cx5_062,0.318044623,-0.058622544,0.2,0.14,-0.018,-0.05,0.08,-0.052,0.04,-0.02,-0.02,-0.02,0.075,1.0,-0.016,0.05,-0.054,0.04,-0.02,0.018,0.034,-0.06,0.034,0.4,-0.012,-0.05,0.02,0.034,0.018,0.05,-0.016,0.06545035769499519,1.4916960325522304,-0.028985462423632178,3.998878932156591,3.6957263425089377,4.622128145977957,4.180101271485888,4.214817601360868,3.998615726903004,4.1181723248215825,3.514651036302709,3.673929759252995,3.4348492616275066,4.248588599358794,4.0783406633588015,4.130308867749071,4.283825458871034
cx5_063,cx5_063,0.31441755,-0.034833049,0.1,0.08,-0.034,-0.05,0.08,-0.052,-0.02,0.04,0.04,-0.01,0.0698,1.05,-0.016,0.05,0.05,-0.04,-0.02,0.034,0.018,-0.06,0.034,-0.6,-0.05,0.0,0.02,0.034,0.034,0.05,0.018,-0.6038794829077148,1.3186200240553898,-1.2976688663253482,3.7287794248290025,3.5837592816949604,4.499662403039177,3.9765937919519936,4.110135321310895,3.5852948893456285,3.7273433576279134,3.2486755852472573,3.203588019711862,3.2683352207958327,4.170377777035669,3.9261662417704937,3.683139241067452,4.3368870295848865
cx5_064,cx5_064,0.320478289,-0.044370846,0.2,0.08,-0.016,0.0,0.08,-0.008,-0.02,-0.02,0.04,-0.016,0.075,1.05,-0.034,0.05,-0.05,-0.02,0.04,0.018,0.034,0.06,0.016,0.4,-0.05,-0.05,0.02,0.034,0.034,0.05,-0.016,-0.07284484493598775,1.3364265264027928,0.25862577122813174,3.9084682719890265,3.5925179922841344,4.5057835503849315,4.163268495744575,4.111008336837318,4.103708592314677,4.2242862717269976,3.5137516346091973,3.7194542462069866,3.379313320977389,4.208082705449513,4.040622470303376,4.193511178748942,4.214003789653604
cx5_065,cx5_065,0.31029394,-0.071897174,0.2,0.14,-0.034,0.0,0.08,-0.05,0.04,0.04,-0.02,-0.02,0.075,1.0,-0.016,0.05,-0.05,0.04,-0.02,0.018,0.034,-0.06,0.034,0.4,-0.05,-0.05,0.02,0.034,0.014,0.05,-0.016,-0.32792382506168183,1.521039645094433,-0.1313387907465506,3.907925404170855,3.631205537109953,4.595165705992223,4.1747453778281765,4.185727593466092,3.949548481034816,4.137130103887435,3.3973978513861556,3.534779561198346,3.2887184141389154,4.142063710110804,3.963865451641495,4.053355591544926,4.20317525357716
cx5_066,cx5_066,0.311068985,-0.025257229,0.1,0.08,-0.034,0.0,0.14,0.0,0.04,0.04,-0.02,-0.02,0.075,1.0,-0.016,-0.05,-0.05,0.04,0.04,0.018,0.034,-0.06,0.034,-0.56,0.0,-0.05,-0.02,0.018,0.018,0.05,0.018,-0.7075222725771964,1.9602380911102362,-0.3771709155696016,3.980862140116716,3.723214077487291,4.805463548179463,4.281361568331239,4.359505181198742,3.8106043212896994,4.147390997821115,3.2359586483559664,3.3207754618789336,3.1204295571325065,4.000924145909181,3.830326450879423,3.942772001829394,4.1227538939456565
cx5_067,cx5_067,0.310655303,-0.049244085,0.2,0.14,-0.034,0.0,0.08,-0.05,0.04,0.04,-0.02,-0.02,0.075,1.0,-0.016,0.05,-0.05,0.04,-0.02,0.034,0.034,-0.06,0.034,0.38,-0.05,-0.05,0.02,0.034,0.034,0.05,0.016,-0.34687605069944505,1.6763755777899725,-0.3704259301491531,3.9594581084035223,3.6983225717849546,4.6902726434062005,4.195973169842783,4.26823132691526,3.854998677574888,4.069857374066628,3.359526269114165,3.4559950389631178,3.2817260368266985,4.135105391802728,3.954294013145214,3.9848148722030863,4.227117710465726
cx5_068,cx5_068,0.310038387,-0.041633792,0.1,0.14,-0.034,0.0,0.08,-0.05,0.04,0.04,-0.02,-0.02,0.075,1.0,-0.016,0.05,-0.05,0.04,-0.02,0.034,0.034,-0.06,0.034,-0.6,-0.05,-0.05,-0.02,0.034,0.034,0.0,0.018,-0.48760269765255115,1.7426069849056098,-0.5971469800576296,3.9446445989785164,3.70798203362494,4.72016880000291,4.189844207776604,4.293081805047338,3.7700267171911324,4.013615100731956,3.297600644812326,3.355286801881494,3.2355041579265142,4.103710402137924,3.914570655843722,3.9036809661104446,4.225281365116485
cx5_069,cx5_069,0.312376588,-0.058584462,0.1,0.08,-0.016,-0.05,0.06,0.0,0.04,-0.04,-0.04,-0.01,0.075,1.0,-0.034,0.048,0.05,0.04,-0.02,0.018,0.018,0.06,0.034,-0.6,-0.05,0.0,-0.02,0.018,0.018,0.05,0.018,0.04042941604187722,1.248841768784807,-1.2629598836204272,3.8658895944134164,3.6910551457542717,4.537525417004909,3.963435498043996,4.1536278783484555,3.6250267434135384,3.6455009476226454,3.43217274280156,3.4025448548475783,3.5171918418704218,4.356734660828362,4.118489611469678,3.770848291839027,4.4917527936890185
cx5_070,cx5_070,0.317600717,-0.040195975,0.1,0.08,-0.034,-0.05,0.14,-0.058,-0.02,0.04,0.04,-0.02,0.075,1.052,-0.018,0.05,-0.05,-0.02,-0.02,0.014,0.018,-0.06,0.018,-0.6,0.0,0.0,-0.008,0.034,0.018,0.05,0.018,-0.6463429207895808,1.7838549896578808,-0.32523557609324816,3.9271951678690935,3.67050668891752,4.711957289078087,4.232547884785606,4.2808015307511535,3.84830270620572,4.138527118262808,3.27237789658022,3.369749262236842,3.1560231246103774,4.035310457760358,3.8584312392553453,3.9626409371184597,4.140480626905501
cx5_071,cx5_071,0.314083489,-0.05802784,0.2,0.08,-0.036,0.0,0.06,-0.05,0.04,-0.02,0.04,-0.01,0.07,1.05,-0.034,-0.05,0.05,0.04,-0.02,0.018,0.034,-0.06,0.034,0.4,-0.05,0.004,-0.02,0.016,0.034,0.0,0.016,-0.3630275058081087,1.4636199890400547,-0.9812229174955309,3.8556806738070177,3.6627785939893407,4.596167101224152,4.05974947882483,4.19355543246021,3.6798804669437883,3.8261524978873847,3.3259437492984825,3.330742141645169,3.3290958162539854,4.19853685044864,3.9791096613886277,3.8051333016572673,4.335038693175897
cx5_072,cx5_072,0.311874609,-0.057591937,0.2,0.14,-0.034,0.0,0.08,-0.05,0.04,-0.02,0.04,-0.01,0.07,1.05,-0.034,-0.05,-0.048,0.04,-0.02,0.018,0.016,-0.06,0.034,0.4,-0.05,0.0,-0.02,0.016,0.034,0.0,0.018,-0.5823566820275219,1.7486064622873307,-1.099983425055478,3.9108591329752667,3.7252701876709096,4.734116134641608,4.133768775748984,4.307705230358678,3.6037751583284994,3.8440115780545683,3.2317149817779613,3.2091565342633612,3.227811984840641,4.111661245315468,3.8993160195229595,3.7483351173240416,4.2828330734721
cx5_073,cx5_073,0.314041778,-0.05735922,0.2,0.06,-0.018,-0.05,0.08,-0.052,0.04,-0.02,0.04,-0.02,0.075,1.0,-0.018,-0.046,0.052,0.04,-0.02,0.034,0.036,-0.06,0.034,0.4,-0.05,-0.05,0.02,0.034,0.018,0.05,-0.018,0.10248326344407199,1.6252206775821438,-0.25695668091955126,4.05622492566175,3.7660826549403743,4.711359253033862,4.196181797019623,4.2932500529755195,3.9118250884331243,4.04499270053724,3.4947691771523757,3.6160694262826083,3.4503846462460483,4.259120338753466,4.086301752567727,4.071486315170072,4.320927739614483
cx5_074,cx5_074,0.306925486,-0.032885644,0.1,0.06,-0.018,-0.05,0.08,0.0,-0.02,0.04,0.04,-0.01,0.0698,1.05,-0.016,0.05,0.048,0.04,-0.02,0.018,0.034,-0.06,0.018,-0.6,-0.05,-0.05,0.02,0.018,0.032,0.05,0.018,-0.5402176237516383,1.1914110700378604,-0.25962762817955565,3.7190114764192854,3.4803358391330956,4.390578010347282,4.0554695488595325,4.009422949011598,3.9365072858001398,4.082519023674098,3.3591993623673884,3.4803457823127415,3.2440650608299757,4.130588510072141,3.92652427945585,3.9860971118490776,4.1934696282930854
cx5_075,cx5_075,0.317209858,-0.05428719,0.2,0.14,-0.016,0.0,0.14,-0.05,0.04,-0.02,-0.02,-0.02,0.0754,1.008,-0.016,0.05,-0.05,0.04,-0.02,0.034,0.034,-0.06,0.034,-0.6,-0.05,-0.05,0.02,0.034,0.032,0.0,0.016,-0.0589617971864036,1.8521352162065199,-0.7156554067001528,4.094801565775827,3.84387245210704,4.8388257526033644,4.213749948645286,4.402598948367324,3.733969976498379,3.924895324214977,3.3945771955909816,3.4371643465229096,3.395627119505644,4.219141311752699,4.035958394779682,3.923704399157699,4.341121171516689
cx5_076,cx5_076,0.31510502,-0.04630856,0.2,0.08,-0.034,0.0,0.14,-0.05,0.04,0.04,-0.02,-0.01,0.075,1.05,-0.034,0.05,-0.05,0.04,0.04,0.034,0.034,-0.06,0.034,0.4,-0.052,-0.05,0.02,0.016,0.032,0.05,0.018,-1.6597928328135816,1.938230501144428,-0.4529689249919241,3.727613872860361,3.522460819494957,4.680579557262961,4.258874242389469,4.236957279724633,3.757384045510346,4.245578263987067,2.973994590726594,3.034669834280736,2.7649057095635463,3.742023975298833,3.554879849158587,3.804382089916381,3.905801346890585
cx5_077,cx5_077,0.320746608,-0.048944256,0.2,0.14,-0.016,-0.05,0.14,-0.05,-0.02,0.04,-0.02,-0.01,0.07,1.05,-0.034,-0.05,-0.05,0.04,-0.02,0.018,0.034,-0.08,0.034,-0.6,0.0,0.0,-0.02,0.034,0.018,0.0,-0.018,-0.6905705116525489,1.6439821092559121,-0.6941235421016898,3.8511870546528297,3.637871472347794,4.644560727617321,4.146463947539382,4.226114180505004,3.7426361211571746,3.9947240490339198,3.2437740770026275,3.285553554960316,3.172524031232409,4.0653079816916575,3.864068182903369,3.849750242905743,4.198039913844094
cx5_078,cx5_078,0.306066344,-0.027679149,0.1,0.06,-0.034,0.0,0.06,0.0,0.04,0.04,0.04,-0.01,0.075,1.0,-0.034,-0.05,-0.05,0.04,0.04,0.016,0.034,-0.06,0.018,-0.6,-0.05,-0.05,-0.02,0.018,0.018,0.05,0.018,-1.1030104496062072,1.7769271837381595,-0.23878479841620048,3.810138040003446,3.566978416168427,4.648693635189962,4.236881610353803,4.218069022410274,3.862080379375879,4.230712535892241,3.1561188623279293,3.2610975110301355,2.9781740961959446,3.9021251453814356,3.7229563498231983,3.9314556342016886,4.016456984984737
cx5_079,cx5_079,0.303637425,-0.032516958,0.1,0.08,-0.034,0.0,0.08,-0.05,0.04,0.04,0.04,-0.01,0.0744,1.0,-0.034,-0.05,-0.05,0.04,0.04,0.016,0.034,-0.06,0.018,-0.6,-0.05,-0.05,-0.02,0.018,0.016,0.05,0.018,-1.3993461023085474,1.9093872785779826,-0.32028102898503225,3.785624046662688,3.557369899539859,4.690307593953837,4.266867697426046,4.248742413717063,3.8118628304650044,4.255614581285986,3.057590237370133,3.1431364046402335,2.8587528571888963,3.8091210763991095,3.6296239670827464,3.8737721932628464,3.9493581853610245
cx5_080,cx5_080,0.31521514,-0.036161859,0.1,0.08,-0.034,0.0,0.08,-0.05,-0.02,0.04,-0.02,-0.01,0.075,1.05,-0.016,0.05,0.05,-0.02,-0.02,0.018,0.034,-0.06,0.018,-0.6,-0.05,0.0,0.02,0.034,0.034,0.054,0.018,-0.9154530335034685,1.1926027144140967,-0.8473321519589418,3.6098059923098695,3.4434240786187176,4.3714304735144704,3.9861726693935733,3.9916413657140675,3.7341871114010043,3.9192563066752393,3.2110696056528103,3.235018288916254,3.1350970945615777,4.066464166119607,3.8316325082567695,3.772121648586922,4.19707249901158
cx5_081,cx5_081,0.317770466,-0.054157292,0.2,0.14,-0.034,-0.004,0.08,-0.002,0.04,-0.04,-0.02,-0.02,0.075,1.0,-0.016,0.05,-0.05,0.04,0.04,0.018,0.016,-0.06,0.034,0.4,-0.05,-0.05,0.02,0.016,0.018,0.05,-0.016,0.0074441205699964375,1.6413472362120523,-0.2133105485905041,4.039499851830116,3.7489150795525013,4.706892018322999,4.205500668996028,4.287346274541571,3.921099769281685,4.075460992034598,3.471030006482447,3.5975788265901794,3.4103741822583227,4.22752630152174,4.05630264731391,4.072580907969511,4.289868056159032
cx5_082,cx5_082,0.321242435,-0.044618811,0.2,0.06,-0.034,-0.05,0.14,-0.05,-0.02,0.04,-0.02,-0.02,0.075,1.05,-0.034,-0.05,0.05,0.04,-0.04,0.018,0.034,0.06,0.018,-0.6,0.0,0.0,0.02,0.036,0.018,0.0,0.018,-0.32340703505582447,1.814219009971298,-0.1850586867251842,4.024971474811329,3.73866690696355,4.762082055678454,4.260372610005308,4.327931346754451,3.9008919580604777,4.1494316620830585,3.368204993156173,3.491249058129194,3.2680362573851025,4.112382438511257,3.947412821042517,4.042639566432353,4.194179495516766
cx5_083,cx5_083,0.321003019,-0.055892042,0.2,0.14,-0.016,-0.05,0.14,-0.05,0.04,0.04,-0.02,-0.01,0.07,1.05,-0.034,0.05,-0.05,-0.04,0.04,0.018,0.034,-0.06,0.034,0.4,0.0,0.0,0.02,0.034,0.018,-0.002,-0.016,-1.159439226014022,1.1705654851446727,-0.4411705557799193,3.548555981582705,3.35668678727148,4.31153468462848,4.023742777599465,3.932755941503393,3.8598568800840445,4.097503622239112,3.179001179705378,3.2638413692942807,3.021032888689612,3.9722710416086175,3.7512278071444536,3.8581821419619544,4.074083598833939
cx5_084,cx5_084,0.319899364,-0.040320924,0.2,0.14,-0.034,0.0,0.14,-0.05,-0.02,0.04,-0.02,-0.02,0.075,1.05,-0.034,-0.05,0.056,0.04,0.04,0.018,0.016,0.06,0.018,0.4,0.0,-0.05,0.02,0.034,0.018,0.0,-0.018,-0.8256883276229678,1.9313595208641559,0.4262585744041587,3.958448914120989,3.632693205584563,4.7395757405505385,4.362950014378826,4.294255659845253,4.069510498003913,4.452540389807488,3.269934742667072,3.47976320908851,3.031985434808315,3.9149763264940245,3.7770319736066806,4.157763597492999,3.9667678251495007
cx5_085,cx5_085,0.312130833,-0.047725665,0.2,0.06,-0.034,0.0,0.08,-0.05,0.04,-0.02,0.04,-0.01,0.07,1.05,-0.034,-0.05,-0.044,0.04,-0.02,0.018,0.018,-0.06,0.034,-0.6,-0.05,0.0,-0.02,0.018,0.034,0.0,0.018,-0.5914791676750304,1.8048117079405372,-1.0059286834389984,3.9332516438948324,3.736545416096865,4.760308324139434,4.1619940076091435,4.328923280750608,3.6278479239166836,3.885697910491304,3.2316482982903003,3.2225733884191357,3.214069692935818,4.095865371965222,3.890564022851426,3.774912480819979,4.261906230460443
cx5_086,cx5_086,0.31136099,-0.042777555,0.1,0.08,-0.034,-0.05,0.08,-0.05,0.04,0.04,0.04,-0.01,0.075,1.05,-0.034,-0.05,-0.052,-0.02,-0.04,0.018,0.034,-0.06,0.016,-0.56,-0.048,-0.052,0.024,0.034,0.034,0.05,0.018,-1.187918521309013,1.2030022776953775,-0.2323036682968642,3.559265479315432,3.3476253961348634,4.317023202847087,4.057464897874057,3.9350261027918862,3.922953818981617,4.180954360394975,3.1848742714572222,3.3014297034807996,2.995419994983393,3.945826081553949,3.7354195522534708,3.914905715926491,4.031522594234726
cx5_087,cx5_087,0.315351039,-0.059595117,0.2,0.08,-0.016,0.0,0.08,0.0,0.04,-0.02,0.04,-0.02,0.075,1.05,-0.034,0.05,-0.05,0.04,-0.02,0.034,0.018,-0.06,0.034,0.4,0.0,0.0,-0.028,0.018,0.018,0.0,0.018,-0.24082481472624861,1.7832088259773293,-0.41080045959849704,4.028213458762469,3.760666622397835,4.764719339646617,4.2255712980257,4.333687971840554,3.8339540648777195,4.052712256597174,3.375527950251466,3.464902970239784,3.315047126487841,4.15499902591217,3.9794015763107575,3.987721636491461,4.252462095246498
cx5_088,cx5_088,0.314803731,-0.048516582,0.2,0.14,-0.018,-0.05,0.14,0.0,0.04,-0.02,-0.02,-0.01,0.075,1.0,-0.016,0.05,0.05,0.04,0.04,0.016,0.018,0.06,0.036,-0.6,-0.05,0.0,0.02,0.018,0.018,0.052,0.018,-0.013644571703580466,1.647211100279689,-1.2883355598942257,4.010729127658327,3.821227681687705,4.754905799552955,4.084766496466619,4.337338505567756,3.572337517142814,3.6876554736486646,3.37995396508049,3.3375088947821077,3.4634839591007807,4.2961992756255025,4.077284118274209,3.762549993353065,4.457293086945849
cx5_089,cx5_089,0.311413548,-0.06821177,0.2,0.14,-0.034,0.0,0.08,-0.05,0.04,0.04,-0.02,-0.02,0.075,1.0,-0.016,0.05,0.048,0.04,-0.02,0.018,0.014,0.06,0.018,0.4,-0.052,-0.05,0.02,0.034,0.014,0.05,-0.016,-0.5297310545567624,1.645733682105977,0.33830827171735567,3.917590006418795,3.60028816287307,4.619691188545065,4.265753375643783,4.198675204840148,4.081377220673726,4.349053454934805,3.368663856818987,3.5744664981281544,3.174287738350045,4.037872171513706,3.8845995645160754,4.164784990608599,4.0708133955504895
cx5_090,cx5_090,0.30842518,-0.031150327,0.1,0.08,-0.034,-0.05,0.08,-0.05,-0.02,0.04,0.04,-0.01,0.07,1.0,-0.034,0.05,-0.05,-0.02,0.04,0.034,0.018,-0.06,0.018,-0.6,-0.05,-0.05,-0.012,0.018,0.018,0.0,0.018,-0.653010575557446,1.9565698624444767,-0.29084117327288517,3.995352608418684,3.7272848602472286,4.806248141426535,4.290443627130868,4.360385214875703,3.840678545327499,4.17106820768918,3.2578651431362893,3.3570226955195066,3.13650885394098,4.010586818518908,3.844315618772788,3.974080382549099,4.122300665300707
cx5_091,cx5_091,0.309631645,-0.070959101,0.2,0.14,-0.018,0.008,0.08,-0.05,0.04,-0.02,-0.02,-0.02,0.075,1.0,-0.016,0.05,0.05,0.04,-0.02,0.018,0.016,-0.06,0.018,0.4,-0.054,-0.05,0.02,0.034,0.014,0.05,-0.004,,,,,,,,,,,,,,,,,
cx5_092,cx5_092,0.312924885,-0.069196183,0.2,0.14,-0.034,0.0,0.08,-0.05,0.04,0.04,-0.02,-0.02,0.075,1.0,-0.016,0.05,-0.048,0.04,-0.02,0.018,0.034,-0.06,0.034,0.4,-0.052,-0.052,0.02,0.034,0.014,0.05,-0.016,-0.23742601563394805,1.5184166947064384,-0.1551537907209584,3.929365489712625,3.6507848325203485,4.605761467419905,4.17187559638032,4.196571921746264,3.9450867477663323,4.1159867333843065,3.420266257125233,3.555173758180416,3.3246931444064516,4.169398060647461,3.9911447334181127,4.057567870799587,4.229083181563931
cx5_093,cx5_093,0.309903357,-0.022027508,0.1,0.08,-0.034,0.0,0.14,0.0,0.04,0.04,0.04,-0.02,0.0748,1.052,-0.034,-0.05,-0.05,0.04,0.04,0.018,0.034,-0.06,0.016,-0.6,0.0,-0.05,-0.02,0.018,0.018,0.05,0.018,-0.9849849648380156,1.8971694022339527,0.32944464744417895,3.9018766809833227,3.5942566633668434,4.705320516101679,4.340064246058025,4.263168733592978,4.036687657466416,4.434963350199146,3.222197354650933,3.4154144202966545,2.979987799623328,3.881170390505682,3.7351032440289207,4.110118459734557,3.9459568768600297
cx5_094,cx5_094,0.313053529,-0.028532914,0.1,0.14,-0.036,-0.05,0.08,0.002,-0.02,0.04,0.04,-0.02,0.075,1.05,-0.016,0.05,0.05,-0.02,0.04,0.018,0.018,-0.06,0.018,-0.6,-0.05,0.0,0.02,0.034,0.034,0.052,0.018,0.021252042640655944,1.2686831833223025,-0.4918488654656211,3.8873976726855686,3.64047333681885,4.512361964622171,4.057308937583713,4.125019009708902,3.8714937960693305,3.930953684622034,3.48606192203344,3.576705119234095,3.463973952405162,4.295017352794717,4.091824522636045,3.989375369901834,4.361818022006675
cx5_095,cx5_095,0.309640892,-0.049569094,0.2,0.14,-0.034,-0.002,0.08,-0.054,-0.02,0.04,-0.02,-0.02,0.075,0.994,-0.016,0.05,-0.05,0.04,-0.02,0.018,0.034,-0.06,0.034,-0.6,-0.05,-0.05,0.02,0.034,0.016,0.0,0.016,0.011420740202989332,1.7102742569738574,-0.6057185179323318,4.058666608481923,3.801157671919207,4.763199149095264,4.182407424164275,4.338714596715262,3.7870123906624986,3.9397266362634458,3.4349844530654843,3.498641794366576,3.4283918331177783,4.247957868306576,4.063016954826243,3.9617736558841674,4.349541748388252
cx5_096,cx5_096,0.307966505,-0.034591464,0.1,0.08,-0.034,-0.05,0.06,-0.05,-0.02,0.04,-0.02,-0.01,0.07,1.0,-0.034,-0.05,-0.05,-0.02,-0.02,0.034,0.02,-0.06,0.018,-0.6,-0.05,-0.05,-0.02,0.018,0.018,0.0,0.018,-0.528914510734646,1.8839654105127845,-0.3902583203555512,3.9955721498571686,3.734574389595583,4.785112581456129,4.2573195827678205,4.345589288047872,3.8203842044884633,4.110134170675478,3.290116417891746,3.376817258649458,3.1956638855602453,4.060913639930347,3.887940629087518,3.959793175048662,4.172973347534001
cx5_097,cx5_097,0.311740278,-0.060529823,0.12,0.08,-0.034,0.0,0.08,-0.05,0.04,-0.02,0.04,-0.01,0.07,1.05,-0.034,0.054,-0.044,0.04,-0.02,0.018,0.018,-0.06,0.018,-0.6,0.0,0.0,0.018,0.018,0.016,-0.002,0.018,-1.653243348244834,1.7571387378919887,-0.49855742059471947,3.6558101063449113,3.4634983507872033,4.5820808679068,4.197082524950856,4.153901087280082,3.7622848245082894,4.208051039067255,2.9883398456228054,3.045642456970822,2.785744813676493,3.76849005214843,3.5697948348751813,3.7896087391185276,3.9262882897212807
cx5_098,cx5_098,0.311981316,-0.042152428,0.2,0.08,-0.016,0.0,0.08,0.0,-0.02,-0.02,0.04,-0.02,0.07,1.004,-0.016,0.05,-0.05,0.04,0.02,0.034,0.016,0.06,0.016,-0.58,-0.05,-0.05,0.02,0.018,0.034,0.05,-0.016,-0.1580440960691143,1.7041951076478465,0.2750378126425662,4.034146848137828,3.7025785136705145,4.700418913027915,4.279557609662286,4.274479840100023,4.066790846159338,4.282453304750944,3.459131844687652,3.6587789804365447,3.3140440620605114,4.139523077595157,3.9912319004197268,4.192934776457964,4.167242325853319
cx5_099,cx5_099,0.315947304,-0.0480117,0.2,0.08,-0.034,-0.048,0.14,0.0,0.04,-0.04,0.04,-0.01,0.075,1.0,-0.034,-0.05,0.052,0.04,0.04,0.034,0.018,-0.08,0.034,-0.6,-0.048,0.002,-0.02,0.018,0.034,0.0,0.018,-0.062217867154238826,2.169639036126277,-1.227991867001318,4.208608004947212,3.990089190870129,5.038581819658836,4.254706269780007,4.576637498495604,3.5342275076290184,3.7740067375574253,3.324913392917048,3.2806401040774764,3.3961706133342906,4.2165159873432385,4.027389467104562,3.7811807904319976,4.402452778305283
cx5_100,cx5_100,0.316173004,-0.03454276,0.1,0.14,-0.018,-0.05,0.14,0.0,0.04,0.04,0.04,-0.01,0.0754,1.05,-0.034,-0.05,0.052,0.04,0.04,0.034,0.034,0.04,0.016,-0.6,-0.05,-0.05,-0.02,0.018,0.034,0.0,0.02,-1.058087891379048,1.6121764981823308,-0.24712209234899832,3.755535040845975,3.5191493621809986,4.56236770581626,4.184724416374059,4.145703834609847,3.8785206760318482,4.203387093244884,3.182339260246614,3.2899662233419917,3.010036016965352,3.9347998488210636,3.747085293283502,3.9322577738666022,4.0391988904484375
cx5_101,cx5_101,0.313984129,-0.047036526,0.2,0.14,-0.034,0.006,0.08,-0.054,-0.02,0.04,0.04,-0.02,0.075,1.05,-0.016,0.05,-0.048,0.04,-0.02,0.018,0.034,-0.06,0.034,-0.6,-0.05,-0.05,0.02,0.018,0.032,0.0,0.016,-0.03979744521024631,1.5122638580904315,-0.39993142738428306,3.971400584223488,3.7067787367029847,4.63714455276096,4.143524719741061,4.228976471265643,3.8730858985898795,3.9996011081116434,3.4550307861106093,3.554312119402562,3.4143430169802467,4.242639225170384,4.055683091694126,4.011614300142914,4.316692815541657
cx5_102,cx5_102,0.315491581,-0.0401909,0.1,0.14,-0.016,-0.054,0.14,0.0,0.04,-0.02,0.04,-0.01,0.075,1.05,-0.034,-0.05,0.052,0.04,0.04,0.034,0.034,0.06,0.016,-0.6,-0.048,-0.05,-0.02,0.018,0.034,0.0,0.018,,,,,,,,,,,,,,,,,
cx5_103,cx5_103,0.309460907,-0.072904335,0.2,0.14,-0.034,0.0,0.08,-0.05,0.04,0.04,-0.02,-0.02,0.075,1.0,-0.016,0.05,0.048,0.04,-0.02,0.018,0.014,0.06,0.018,0.4,-0.052,-0.044,0.02,0.034,0.014,0.05,-0.016,-0.527421089447635,1.6405311480125597,0.28569937190881817,3.9148394678799017,3.6025982342876013,4.6193768418789904,4.258152225800742,4.198921635517467,4.065007514713433,4.329017468973441,3.3656022344161953,3.5632911805250727,3.178633512570652,4.042819107294503,3.8869634708815988,4.149944629836421,4.08016654205061
cx5_104,cx5_104,0.313155601,-0.040497597,0.2,0.06,-0.016,0.0,0.08,0.0,-0.04,-0.04,0.04,-0.02,0.07,1.05,-0.034,0.05,-0.05,0.04,-0.04,0.034,0.016,0.06,0.034,-0.58,0.0,-0.05,-0.02,0.018,0.018,0.05,-0.016,0.007951261951591793,1.7225202932937407,0.032812485550798264,4.07796663823859,3.7603900489214737,4.74153225007333,4.2589228979709315,4.314545197630339,3.9919572364046148,4.173966162908704,3.4833435807467437,3.646844141986585,3.3894024860355754,4.200824469243022,4.044843658864084,4.1441870319096985,4.245219125065431
cx5_105,cx5_105,0.311793576,-0.071550896,0.2,0.14,-0.034,0.0,0.08,-0.05,0.04,0.04,-0.02,-0.02,0.075,1.0,-0.016,0.05,0.048,0.04,-0.02,0.018,0.034,0.06,0.034,0.4,-0.05,-0.05,0.02,0.034,0.014,0.05,-0.018,-0.23696875907474002,1.4645985006436781,-0.1348499616445822,3.908457453975478,3.6306011793344126,4.574818164074663,4.157355748972571,4.170140665620951,3.9574355112012274,4.117356330706615,3.4267976902857153,3.565991960072977,3.328379759984397,4.174475788806308,3.9942740463546995,4.0626795660646255,4.229366380582297
cx5_106,cx5_106,0.319927206,-0.045031416,0.2,0.14,-0.012,-0.05,0.14,0.0,-0.04,0.04,-0.04,-0.01,0.075,1.05,-0.034,0.052,0.05,0.04,-0.02,0.018,0.018,-0.08,0.018,-0.6,0.0,-0.05,0.02,0.034,0.018,0.05,0.016,-0.6098142196181959,1.7120613497335349,-0.042377826464189146,3.9145801964457076,3.633300868843773,4.663796941219249,4.242566368953394,4.2380617070384226,3.948613314557894,4.228615671924297,3.311005702420201,3.454686820230963,3.1599236905193218,4.034238274077793,3.866570581409814,4.047019856691698,4.10841650169603
cx5_107,cx5_107,0.313257802,-0.060547673,0.2,0.14,-0.034,0.0,0.08,-0.05,0.04,-0.02,0.04,-0.01,0.07,1.05,-0.034,-0.05,-0.05,0.04,-0.02,0.018,0.016,-0.06,0.034,0.4,-0.05,0.0,-0.02,0.016,0.034,0.0,0.018,-0.5819461339216083,1.7485001043970136,-1.0987535632291046,3.9109506781841614,3.725232990495049,4.734052496410417,4.133878556484785,4.30764764893827,3.6041974530411265,3.8443921778368337,3.2319327452774305,3.2095748168807665,3.2279066928736895,4.111702748574262,3.899411670274432,3.748735642159712,4.2827414548843885
cx5_108,cx5_108,0.315013204,-0.057628098,0.2,0.14,-0.034,-0.002,0.08,-0.054,0.04,0.04,-0.02,-0.02,0.075,0.994,-0.016,-0.054,-0.05,0.04,-0.02,0.02,0.034,-0.06,0.034,-0.6,-0.05,0.0,0.02,0.034,0.016,0.0,0.016,0.04481196261656284,1.6320975444470989,-1.0097147341170747,4.026254469346843,3.8087547138380278,4.741307407238061,4.112193513992319,4.32436227092427,3.665915883372974,3.779525525867532,3.41912637809638,3.4214643154891524,3.4710325191965827,4.29485750513424,4.088249989588453,3.8491897240651287,4.427598305691579
cx5_109,cx5_109,0.318700244,-0.029168614,0.1,0.08,-0.016,0.0,0.08,0.0,0.04,0.04,-0.02,-0.02,0.07,1.05,-0.016,-0.05,-0.05,0.04,0.04,0.016,0.034,0.06,0.034,-0.6,-0.05,-0.05,-0.02,0.034,0.034,0.0,-0.018,,,,,,,,,,,,,,,,,
cx5_110,cx5_110,0.308069983,-0.042220333,0.2,0.14,-0.034,0.0,0.08,-0.05,-0.02,0.04,-0.02,-0.02,0.075,1.0,-0.018,0.05,-0.05,0.04,-0.02,0.018,0.034,-0.06,0.034,-0.6,-0.05,-0.05,-0.02,0.018,0.016,0.052,0.016,-0.046849719781562715,1.6907910956155554,-0.3982962765117961,4.040998772201738,3.7677894227392916,4.736081381929713,4.199505522656715,4.312789125363223,3.8542381426993497,4.020913657702444,3.437309553131473,3.53311598280555,3.396055606980222,4.219413601148544,4.04191437954899,4.0137164855710195,4.303317363635221
cx5_111,cx5_111,0.315854442,-0.06722675,0.2,0.08,-0.034,0.0,0.08,-0.05,0.04,-0.02,0.04,-0.01,0.07,1.0,-0.016,-0.05,0.05,0.04,-0.02,0.018,0.034,0.06,0.02,0.4,-0.05,0.0,-0.02,0.032,0.018,0.05,-0.036,-0.26012070772945206,1.6639446676519025,-0.3902359694820583,3.976120351776882,3.713405704797596,4.694750145757691,4.190463947321337,4.27378017942566,3.8527610280163205,4.049589628580813,3.3825727128094454,3.4773452627959776,3.3169016761222623,4.1622718451886165,3.9810155837468657,3.989578260437427,4.252101989435823
cx5_112,cx5_112,0.308069402,-0.027921798,0.1,0.14,-0.016,-0.05,0.08,-0.052,0.04,0.04,0.04,-0.01,0.07,1.05,-0.016,-0.05,-0.05,0.04,0.04,0.018,0.016,0.06,0.034,-0.6,-0.05,-0.05,-0.02,0.034,0.034,0.0,0.018,-0.8405374854525933,1.3011892620421808,-0.7237684088400616,3.6752542429949253,3.4885155212011076,4.435855010939204,4.0347591087251615,4.046560621921152,3.7649225619974,3.9661686871697563,3.231418704703705,3.2735325563376185,3.1470383099169656,4.065947074026617,3.843309307901848,3.818145382273848,4.18839918933401
cx5_113,cx5_113,0.313011337,-0.04107176,0.2,0.08,-0.016,0.0,0.08,0.0,-0.02,0.04,0.04,-0.02,0.07,1.05,-0.034,0.05,-0.05,0.04,-0.02,0.018,0.016,0.06,0.034,-0.58,-0.046,-0.05,0.02,0.018,0.034,0.05,-0.016,-0.06559478379187578,1.3537224588918892,-0.0065561527512326976,3.9108789367254277,3.618505660751709,4.528009101045252,4.138535515312711,4.132375456372368,4.016384301777171,4.128702718261713,3.493243283581629,3.657102498536571,3.3957675749018894,4.226635172695812,4.048408739466354,4.118777949846048,4.257305572537936
cx5_114,cx5_114,0.315552584,-0.064238251,0.1,0.08,-0.034,-0.05,0.14,-0.05,0.04,-0.02,0.04,-0.008,0.07,1.0,-0.016,-0.054,0.05,0.04,-0.02,0.018,0.034,0.06,0.018,0.4,-0.05,0.0,-0.02,0.034,0.018,0.05,-0.016,-0.7968964206842903,2.099683430100587,-0.8896165637673393,4.00155462825777,3.7890767497989413,4.895137388529428,4.265975361428885,4.438571607492083,3.6271113795110814,3.9883416343174645,3.1588570529333095,3.1592752516053135,3.103735427791485,3.995257046114365,3.808176134259766,3.7872008510818933,4.174628540187113
cx5_115,cx5_115,0.308738395,-0.063867522,0.2,0.14,-0.034,0.0,0.08,-0.05,0.04,0.04,0.04,-0.02,0.075,1.05,-0.034,0.05,-0.048,0.04,-0.02,0.018,0.034,-0.06,0.034,0.4,-0.052,-0.052,-0.03,0.036,0.014,0.05,-0.016,-0.30433623874010207,1.4137714164137893,0.09716465212603351,3.876532645775635,3.5826415301372667,4.5279774607949825,4.167382710674328,4.127093702654475,4.035673974541579,4.205248823774298,3.4313980106024773,3.6071153639797444,3.2939014115124188,4.145371332854712,3.971925335805898,4.120107350746198,4.178986541642492
cx5_116,cx5_116,0.304561225,-0.044298458,0.2,0.14,-0.034,-0.002,0.08,-0.05,0.04,0.04,-0.02,-0.01,0.075,0.994,-0.034,-0.046,-0.05,0.06,-0.02,0.016,0.034,-0.06,0.034,-0.6,-0.05,-0.05,-0.02,0.034,0.016,0.052,0.016,-0.892616197910445,1.8937746021057347,-0.7014073922890064,3.899371830441905,3.6838821609829093,4.760021242659929,4.22229447850625,4.320495271925945,3.7068982533950567,4.04693510101956,3.1661669635744323,3.199019753207902,3.074473923859147,3.9796355835745456,3.788778400396624,3.826462945050977,4.134337326967324
cx5_117,cx5_117,0.315989808,-0.055774799,0.2,0.06,-0.034,0.0,0.08,-0.05,0.04,-0.02,0.04,-0.01,0.07,1.058,-0.034,-0.05,-0.044,0.04,-0.02,0.018,0.034,-0.06,0.034,-0.6,-0.05,0.0,-0.02,0.018,0.032,0.0,0.018,-0.40180200855439496,1.6149360669778225,-0.9707989816754292,3.906530443987465,3.7070327645145755,4.675634300404723,4.10798672716936,4.260193189999554,3.6657560297946814,3.851922096724887,3.302752909904722,3.305585954716114,3.300617502943318,4.16902910911358,3.9576050085502956,3.8054917229116505,4.31430791085787
cx5_118,cx5_118,0.320746608,-0.048944256,0.2,0.14,-0.016,-0.05,0.14,-0.05,-0.02,0.04,-0.02,-0.01,0.07,1.05,-0.034,-0.05,-0.05,0.04,-0.02,0.018,0.034,-0.08,0.034,-0.6,0.0,0.0,-0.02,0.034,0.018,0.0,-0.018,-0.6893456694240601,1.6440603998759151,-0.6949156669682965,3.851511467531713,3.638208986367804,4.644788460877634,4.146407205501697,4.2263367178266815,3.7424116921077792,3.99427948295989,3.244036353121683,3.28570634803648,3.1730279761136453,4.065697363689915,3.864441996141467,3.8496744480298717,4.198458857174804
cx5_119,cx5_119,0.321242435,-0.044618811,0.2,0.06,-0.034,-0.05,0.14,-0.05,-0.02,0.04,-0.02,-0.02,0.075,1.05,-0.034,-0.05,0.05,0.04,-0.04,0.018,0.034,0.06,0.018,-0.6,0.0,0.0,0.02,0.036,0.018,0.0,0.018,-0.32584968416541704,1.8151410583902017,-0.18104886456144229,4.024813640990892,3.738203090149294,4.762124101337985,4.26109976074726,4.327886844072055,3.9020093069746227,4.151322155578869,3.367777464193177,3.491399009001784,3.266798246952888,4.111308106124023,3.946534658574169,4.0435009889055635,4.192884279558874
cx5_120,cx5_120,0.307166962,-0.033441874,0.2,0.06,-0.018,0.0,0.08,-0.05,0.04,0.04,0.04,-0.01,0.0698,1.05,-0.034,-0.05,0.048,0.04,0.0,0.018,0.018,-0.06,0.034,-0.6,-0.05,-0.05,-0.02,0.018,0.034,0.0,0.018,,,,,,,,,,,,,,,,,
cx5_121,cx5_121,0.309640892,-0.049569094,0.2,0.14,-0.034,-0.002,0.08,-0.054,-0.02,0.04,-0.02,-0.02,0.075,0.994,-0.016,0.05,-0.05,0.04,-0.02,0.018,0.034,-0.06,0.034,-0.6,-0.05,-0.05,0.02,0.034,0.016,0.0,0.016,0.010593926978831991,1.7117545988225906,-0.6057868712342235,4.0590459821528775,3.8015092602431295,4.76392961397936,4.182856662540004,4.3393200808397685,3.7868045529909846,3.9399769930244175,3.4346229210986436,3.498228353427189,3.427952988181843,4.24755574069476,4.062679913806566,3.961673738729994,4.349257995983825
cx5_122,cx5_122,0.313312724,-0.038276527,0.1,0.14,-0.018,-0.05,0.08,0.0,0.04,0.04,0.04,-0.02,0.07,1.05,-0.018,0.05,-0.048,0.04,0.04,0.018,0.018,0.06,0.034,-0.6,-0.05,-0.05,0.02,0.034,0.034,0.0,-0.016,-0.07262478590218513,1.1217343161786353,-0.1362393092398233,3.813258635311331,3.5447102198308,4.403086504926437,4.051147223096738,4.027404023437135,3.9991210310967253,4.056758918524333,3.5018178391286923,3.6499719021879447,3.420691787186678,4.26121041534102,4.064826616167198,4.07757585858229,4.29128197524382
cx5_123,cx5_123,0.311652385,-0.056695915,0.2,0.14,-0.034,0.0,0.08,-0.05,0.04,0.04,-0.02,-0.02,0.075,1.0,-0.016,0.05,-0.05,0.04,-0.02,0.018,0.034,0.06,0.034,0.4,-0.052,-0.05,0.02,0.034,0.018,0.05,-0.018,-0.2153309414237825,1.4451000074387146,-0.13701107276177477,3.9061255934539325,3.6284208004965195,4.566639605305089,4.151168629540614,4.16361197401832,3.9595344230204614,4.11149738660519,3.4342292427111363,3.5737704851694936,3.338418649034922,4.182998088706469,4.001938684238495,4.064433519869028,4.236198244849584
cx5_124,cx5_124,0.321003019,-0.055892042,0.2,0.14,-0.016,-0.05,0.14,-0.05,0.04,0.04,-0.02,-0.01,0.07,1.05,-0.034,0.05,-0.05,-0.04,0.04,0.018,0.034,-0.06,0.034,0.4,0.0,0.0,0.02,0.034,0.018,-0.002,-0.016,-1.1637402176405365,1.1700237111085965,-0.43802371772225296,3.5473189027340686,3.355382688576514,4.3105696536953655,4.02390014657855,3.931830922074237,3.860791644122785,4.099168123107091,3.178132863511601,3.2634202278667663,3.019265550353327,3.970909751972474,3.749923248237876,3.858549069114206,4.072570784448125
cx5_125,cx5_125,0.319899364,-0.040320924,0.2,0.14,-0.034,0.0,0.14,-0.05,-0.02,0.04,-0.02,-0.02,0.075,1.05,-0.034,-0.05,0.056,0.04,0.04,0.018,0.016,0.06,0.018,0.4,0.0,-0.05,0.02,0.034,0.018,0.0,-0.018,-0.8287859724740656,1.9312481093992808,0.42744999833811453,3.957643636998634,3.631926360522387,4.739083957633041,4.363028152987543,4.293771547270768,4.06980640184227,4.453378781616842,3.2691996390872062,3.4791759021343367,3.030749970562635,3.914038172055646,3.7761017361045806,4.1577242403457655,3.965833359712336
cx5_126,cx5_126,0.310795821,-0.055701558,0.2,0.08,-0.016,0.0,0.08,0.0,-0.02,0.04,0.04,-0.02,0.07,1.05,-0.034,0.05,-0.052,0.04,-0.04,0.034,0.016,0.06,0.016,-0.58,-0.05,-0.05,0.02,0.018,0.018,0.05,-0.018,-0.34226817109468444,1.5431653041556057,0.48803265705996873,3.9279445738521828,3.5929676057030844,4.578544759202264,4.252090025313115,4.165814663825054,4.146886515643794,4.36695395347177,3.4404170717375635,3.674290913454866,3.245837400108112,4.092055310576324,3.9423534336875874,4.229096832762764,4.09867020866572
cx5_127,cx5_127,0.314995557,-0.072302681,0.2,0.14,-0.034,0.0,0.08,-0.05,0.04,0.04,-0.02,-0.02,0.0768,1.0,-0.016,0.05,0.05,0.04,-0.02,0.018,0.034,-0.08,0.018,0.4,-0.05,-0.046,0.02,0.034,0.014,0.05,-0.016,-0.40847026550106946,1.5801598508242396,0.30223544892046444,3.9214139659867326,3.6050537166052172,4.599356305275543,4.2420209432428555,4.18393983707149,4.080709046065765,4.312336096461085,3.4045184680211094,3.607617446644594,3.228123094951119,4.082136730695066,3.92531242774355,4.168370607500227,4.11016229632843
cx5_128,cx5_128,0.317909864,-0.032342576,0.1,0.08,-0.018,-0.05,0.14,0.0,-0.02,0.04,0.04,-0.01,0.075,1.0,-0.034,-0.05,0.052,0.04,-0.04,0.034,0.034,-0.06,0.016,-0.6,-0.048,-0.05,-0.02,0.018,0.034,0.004,0.018,,,,,,,,,,,,,,,,,
cx5_129,cx5_129,0.311554013,-0.036237784,0.1,0.14,-0.016,-0.038,0.08,-0.05,0.04,0.04,0.04,-0.01,0.0746,1.0,-0.034,-0.05,-0.05,0.04,0.04,0.018,0.034,0.06,0.018,-0.6,-0.05,-0.05,-0.02,0.018,0.034,0.05,0.018,-0.9147682522834555,1.361449129542093,-0.29796322479174386,3.690621515148082,3.464617919652263,4.441793693340254,4.101552748013499,4.04644027532004,3.8936561158847978,4.13782270197715,3.2395352017517647,3.3462089517523617,3.0891887713188777,4.0081987479855545,3.80673009748015,3.931725801551068,4.098092046184985
cx5_130,cx5_130,0.310119899,-0.062272309,0.2,0.14,-0.034,0.0,0.08,-0.05,0.04,0.04,-0.02,-0.02,0.075,1.0,-0.034,-0.048,0.048,0.04,-0.02,0.018,0.014,0.06,0.034,0.4,-0.05,-0.05,-0.02,0.034,0.014,0.05,-0.016,-0.329543314036842,1.6408262611884794,-0.1596809824140104,3.9547118925018827,3.674834290777437,4.663223602890332,4.208977381249188,4.24370423387338,3.9274890637378626,4.140295650057542,3.384027158823877,3.5145019398555,3.2793182909096847,4.129413450296993,3.9562925114301386,4.046724746173891,4.199689211742792
cx5_131,cx5_131,0.313135654,-0.026555136,0.1,0.14,-0.016,-0.05,0.08,-0.052,0.04,0.04,0.04,-0.01,0.0752,1.05,-0.018,-0.05,-0.05,-0.02,0.04,0.018,0.016,0.06,0.034,-0.6,-0.05,-0.05,-0.022,0.034,0.034,0.034,0.018,-0.7096309550721118,1.1490880611215584,-0.7379920517584383,3.647474779076238,3.4634354760161563,4.3673298965144856,3.9865181057554437,3.990911365908857,3.7809103971622147,3.926524473742397,3.2793361177579956,3.3240644056948607,3.210805027989072,4.121627957026892,3.891938952312654,3.827950520747951,4.232096916349991
cx5_132,cx5_132,0.311843744,-0.031459883,0.1,0.14,-0.016,-0.05,0.14,0.0,0.04,0.04,0.04,-0.01,0.0748,1.05,-0.016,-0.05,-0.05,0.04,0.04,0.018,0.018,0.06,0.034,-0.6,-0.05,-0.05,-0.02,0.034,0.034,0.0,0.018,-0.6809795657541524,1.605144466143475,-0.8858107877785214,3.833517825578904,3.6395624498587944,4.632436669568949,4.112557512068457,4.217717138431318,3.6851615202964134,3.9193608363304944,3.234711896487483,3.2473488154162253,3.1905322953436603,4.086015497109567,3.874323931445495,3.7955430167462376,4.233673716222706
cx5_133,cx5_133,0.306763093,-0.045280389,0.2,0.08,-0.028,-0.002,0.08,-0.05,0.04,0.04,-0.02,-0.01,0.075,1.0,-0.034,-0.05,-0.05,0.04,-0.02,0.016,0.034,-0.06,0.034,-0.6,-0.05,-0.05,-0.02,0.034,0.016,0.052,0.016,-0.8448687085013797,1.8555849071291348,-0.6279922184435801,3.8980315937571524,3.6753376890634004,4.74123962588179,4.219057542120661,4.304765099571779,3.7362799700142975,4.062999845951963,3.188304275336469,3.2340855492050244,3.0917237798893598,3.9923941965576537,3.8033728784085516,3.852767285542795,4.136528981964655
cx5_134,cx5_134,0.310471495,-0.06782875,0.2,0.14,-0.034,0.0,0.08,-0.05,0.04,0.04,-0.02,-0.02,0.075,1.0,-0.016,0.05,0.05,0.04,-0.02,0.018,0.034,0.06,0.034,0.4,-0.05,-0.05,0.02,0.034,0.014,0.05,-0.018,-0.23703709116798288,1.4646651688324113,-0.13397302752800683,3.9084876877014096,3.6305494311224185,4.574808556116395,4.157475960892782,4.170123418032335,3.95770955362771,4.117692104773341,3.4268424351304785,3.566171962205095,3.328297731285724,4.1743873453753055,3.99422721893796,4.0629230127257365,4.229204533284921
cx5_135,cx5_135,0.310041532,-0.067865077,0.2,0.14,-0.034,0.0,0.08,-0.05,0.04,0.04,-0.02,-0.02,0.075,1.0,-0.016,0.05,0.048,0.04,-0.02,0.018,0.034,-0.06,0.034,0.4,-0.05,-0.05,0.02,0.032,0.014,0.05,-0.018,-0.25300192659286536,1.5119192260552978,-0.13961052043866734,3.9231719626594552,3.644183952544776,4.599547061499479,4.171498973493385,4.190877080777241,3.950298697173207,4.123021957934031,3.4178539135852843,3.5551236251232785,3.3184491694580727,4.164714736850006,3.9866103438579974,4.060019634230042,4.2232273019000335
cx5_136,cx5_136,0.310926086,-0.067725171,0.2,0.08,-0.034,0.0,0.08,-0.05,0.04,-0.02,0.04,-0.01,0.07,1.05,-0.034,-0.05,-0.05,0.04,-0.02,0.018,0.034,-0.06,0.034,-0.54,-0.05,0.0,-0.02,0.034,0.018,0.0,0.018,-0.4294991312158847,1.7876594389990537,-1.118059758659111,3.964983336161728,3.7720486206409585,4.775362965090337,4.145045923514625,4.345637676363022,3.598734101980458,3.821175566227508,3.26820694947232,3.2440570220404767,3.2835273895226886,4.1511322451128665,3.9419849070711273,3.7623942346995154,4.320253193172926
cx5_137,cx5_137,0.312761425,-0.032941001,0.1,0.14,-0.016,-0.05,0.06,0.018,0.04,0.04,-0.04,-0.02,0.07,1.05,-0.016,-0.05,-0.06,0.04,0.04,0.018,0.018,0.06,0.034,-0.6,-0.05,-0.05,-0.02,0.034,0.034,0.0,0.016,0.13233866955478513,1.1978963497853012,-0.3047669754740914,3.8918890371441206,3.625796970141382,4.4780539123687335,4.05728213835027,4.096242808398582,3.9431755655829366,3.976254170040972,3.5372372272289674,3.6601439702993335,3.5016035359595934,4.3214225489094185,4.124182271382459,4.055482923688059,4.363144881877965
cx5_138,cx5_138,0.304270284,-0.038278736,0.1,0.08,-0.034,0.0,0.08,-0.05,0.04,0.04,0.04,-0.01,0.0744,1.0,-0.034,-0.05,-0.05,0.04,0.06,0.016,0.034,-0.06,0.018,-0.6,-0.05,-0.05,-0.02,0.018,0.016,0.0,0.018,-1.3372069942641382,1.982464107995563,-0.310684460217798,3.8308950189693274,3.595264562617724,4.738327555847855,4.291275029772125,4.29053073726052,3.809155598925354,4.258832809831778,3.068654835834841,3.1550460590666667,2.87545972972669,3.817208331133964,3.6427989451404184,3.8851347966284493,3.9581904411454065
cx5_139,cx5_139,0.311228123,-0.054354637,0.12,0.14,-0.034,-0.05,0.08,-0.05,-0.02,0.04,0.04,-0.01,0.0744,1.05,-0.016,0.05,0.05,0.04,-0.04,0.018,0.016,-0.06,0.018,-0.6,0.0,0.0,0.018,0.036,0.016,0.05,0.018,-0.7933645506851306,1.4861720000902885,-0.6047803631017014,3.764059116772552,3.55493257285064,4.539839722062391,4.106519375971298,4.134587892378901,3.785080561012762,4.023609990735077,3.2370707773073484,3.29470565708647,3.1420630220579593,4.048933023373616,3.8419898373255665,3.860537368767389,4.168864687806094
cx5_140,cx5_140,0.31069881,-0.057670162,0.12,0.08,-0.034,-0.05,0.08,-0.05,-0.02,-0.02,0.04,-0.02,0.07,1.05,-0.016,-0.048,0.05,0.04,-0.04,0.02,0.018,-0.06,0.018,0.38,-0.052,0.0,0.018,0.034,0.016,0.05,0.018,0.06605942866148884,1.618452829905749,-0.7802314385815613,4.031709502041995,3.7924603646717254,4.726163697373769,4.1342122566134325,4.309840767777971,3.7422410846539833,3.8586826620625723,3.4442107132782267,3.483099285367458,3.4671342095358417,4.286357106677764,4.089483826916737,3.917244935384555,4.396704380063988
cx5_141,cx5_141,0.315315342,-0.060061108,0.2,0.14,-0.034,0.0,0.08,-0.05,0.04,-0.02,0.04,-0.02,0.075,1.0,-0.016,0.05,0.048,0.04,-0.02,0.018,0.016,0.06,0.034,0.4,-0.05,-0.05,-0.02,0.034,0.034,0.002,-0.018,0.03209083671924162,1.6216370640396516,-0.20692080412483654,4.038054794761479,3.7466932977477923,4.698585051195682,4.20024305560823,4.280686529137516,3.9260832072744143,4.072285884502332,3.479970323141961,3.6082515719704378,3.4210843710786567,4.236317961074607,4.064643071311838,4.0771458524227455,4.296066607441183
cx5_142,cx5_142,0.309689273,-0.035244999,0.2,0.06,-0.034,-0.002,0.08,-0.05,0.04,0.04,-0.02,-0.01,0.075,0.994,-0.034,-0.046,-0.044,0.04,-0.02,0.016,0.034,-0.06,0.032,-0.6,-0.05,-0.05,-0.02,0.034,0.034,0.052,0.016,-0.8723259144725202,1.8520351371112511,-0.49700726548405555,3.8927531143080745,3.659280028335411,4.730148620777369,4.232661472610936,4.293682595119015,3.778098406331913,4.113980327519575,3.1915209471613624,3.2575502762475406,3.0740914806271347,3.9759494149362733,3.7922097676650433,3.8868326883127233,4.10904080932923
cx5_143,cx5_143,0.31900665,-0.06756249,0.2,0.14,-0.034,0.0,0.08,-0.05,0.04,0.04,-0.02,-0.01,0.076,1.0,-0.034,0.05,-0.05,-0.04,-0.02,0.018,0.034,-0.06,0.034,0.4,-0.05,-0.05,0.02,0.034,0.018,0.05,-0.016,-1.004411774750814,1.462177924531634,-0.43988761903328355,3.70464266892211,3.4911217640569885,4.493474217591359,4.116244998076236,4.08994223387627,3.8340579318635473,4.10938721887962,3.195058708729685,3.2762268438717888,3.0545148407429714,3.9810948570407008,3.7775382044366426,3.8815763069279146,4.092780797302544
cx5_144,cx5_144,0.312963905,-0.042247794,0.1,0.14,-0.016,-0.05,0.08,0.0,0.04,0.04,0.04,-0.02,0.07,1.05,-0.016,-0.05,-0.05,0.04,-0.02,0.018,0.034,0.06,0.034,-0.6,-0.05,-0.05,-0.02,0.034,0.034,0.0,0.018,0.13414912495758213,1.2666666425876407,-0.4891126841065487,3.9154231938890107,3.663085985791447,4.524855099549926,4.057816248985278,4.137641369348523,3.8762794229516264,3.916525887873969,3.5170390030413183,3.6096583766605805,3.5068836225630764,4.3266967013465765,4.124942554247607,4.003929613760852,4.388839741892307
cx5_145,cx5_145,0.309485974,-0.053349171,0.1,0.08,-0.016,-0.05,0.08,-0.05,-0.02,0.04,0.04,-0.01,0.0744,1.05,-0.016,0.05,-0.048,0.04,-0.04,0.018,0.016,-0.06,0.018,-0.6,-0.048,-0.05,0.018,0.036,0.016,0.054,0.018,-0.720404952243453,1.4510993010226088,-0.44831335208303313,3.7723773722320697,3.546964101701992,4.522216264997871,4.113899260105249,4.119553250117234,3.8417930562537435,4.066855035116297,3.272313517367465,3.3561744751216955,3.1638590941327824,4.062571216370271,3.8616352702592738,3.9137258895160882,4.163603274316767
cx5_146,cx5_146,0.31615396,-0.052873929,0.2,0.08,-0.016,-0.05,0.08,-0.05,0.04,0.04,-0.02,-0.01,0.075,1.002,-0.034,0.05,-0.05,-0.02,0.04,0.018,0.034,-0.06,0.034,-0.6,-0.05,-0.052,-0.016,0.034,0.018,0.05,-0.018,-0.5818615189034375,1.2970931583776384,-0.06869365335425452,3.755212830397467,3.495458560670737,4.436226219688731,4.109965576435526,4.045693659652379,3.9855235110632075,4.169325172405415,3.3535514504294888,3.501932856657116,3.2081136594899915,4.093039478910031,3.902536216028701,4.037105652433071,4.1459264912932605
cx5_147,cx5_147,0.307489693,-0.05125228,0.12,0.08,-0.034,-0.048,0.06,-0.05,-0.02,-0.04,0.04,-0.01,0.0744,1.05,-0.016,0.05,-0.052,0.04,-0.04,0.018,0.018,-0.06,0.018,-0.6,0.0,-0.05,0.018,0.036,0.016,0.05,0.018,-0.3005532517342575,1.6557380289471446,-0.26008854657577296,3.9656544080725347,3.693071492137781,4.67951163696274,4.202420767259303,4.258950625029831,3.8943846760076237,4.101496614907342,3.3826243748161096,3.4974354265573573,3.2947925590326674,4.1428015073655065,3.966378933978529,4.0217529412648725,4.221904626348148
cx5_148,cx5_148,0.312445443,-0.057319784,0.12,0.08,-0.034,-0.002,0.08,-0.05,0.04,0.04,0.04,-0.01,0.0744,1.05,-0.016,-0.046,-0.05,0.04,-0.02,0.018,0.034,-0.06,0.018,-0.6,0.0,0.0,0.018,0.036,0.016,0.052,0.018,,,,,,,,,,,,,,,,,
cx5_149,cx5_149,0.309265849,-0.050761201,0.12,0.08,-0.034,-0.05,0.08,-0.05,-0.02,0.04,0.04,-0.008,0.0746,1.05,-0.016,0.05,0.05,0.04,-0.04,0.018,0.016,-0.06,0.018,-0.6,0.0,-0.05,0.018,0.036,0.016,0.05,0.02,-0.9043197430228922,1.692018335884038,-0.16192442149004868,3.8286671122609928,3.5732470545201735,4.621998445849517,4.220527559464057,4.198327629127577,3.9025128320517486,4.222535228621078,3.2235863086123158,3.3449990852282188,3.056632024435733,3.962465640063886,3.784710751868228,3.976542427623637,4.057623280649084
cx5_150,cx5_150,0.31094882,-0.049687232,0.2,0.08,-0.034,0.0,0.08,-0.05,0.04,0.04,-0.02,-0.02,0.075,1.0,-0.034,0.05,0.048,0.04,-0.02,0.018,0.014,-0.06,0.034,0.4,-0.052,0.002,0.02,0.034,0.018,0.05,0.016,-0.41473485664497445,1.6656153295943987,-0.7859372418152238,3.9279177301446664,3.7092715711551714,4.694276045246272,4.144795721273048,4.274121561417522,3.7196456175322696,3.9265620650988438,3.309313895545175,3.339933237638867,3.280701844620737,4.146461292240235,3.9457720701368273,3.857503456780348,4.278206327915295
cx5_151,cx5_151,0.313736298,-0.029570974,0.1,0.14,-0.018,-0.05,0.14,0.0,0.04,0.04,0.04,-0.02,0.07,1.05,-0.018,-0.05,0.052,0.04,0.04,0.034,0.018,0.06,0.034,-0.6,-0.048,-0.05,-0.02,0.018,0.034,0.0,-0.018,-0.45907460814505185,1.5276631017546638,-0.24703031230312625,3.8743855406782752,3.6142504137647435,4.587997822078735,4.162683216502485,4.178305330752488,3.907166129285035,4.11341151105826,3.352150610485448,3.469504325332951,3.244949277165104,4.112633944756666,3.9279953962578498,4.004321145855575,4.189607465892037
cx5_152,cx5_152,0.313628563,-0.059154178,0.2,0.14,-0.034,-0.05,0.08,-0.05,0.04,0.04,-0.02,-0.02,0.075,1.034,-0.016,0.048,-0.05,0.04,-0.02,0.018,0.034,-0.06,0.034,0.4,-0.05,-0.05,-0.02,0.034,0.018,0.052,-0.016,-0.1154785202121289,1.3348423979353008,0.16266039683388955,3.8946742570367063,3.5897482599884847,4.503930543939733,4.151533157327817,4.109523216220004,4.071471151797836,4.194920990862168,3.4947711354147852,3.6848873357586207,3.368755515397769,4.203044609485592,4.030701139718172,4.160824742224724,4.219218072180449
cx5_153,cx5_153,0.308078181,-0.027158743,0.1,0.08,-0.016,-0.05,0.14,-0.05,-0.02,0.04,0.04,-0.02,0.0744,1.0,-0.016,-0.05,-0.05,0.04,0.04,0.016,0.034,-0.06,0.018,-0.6,-0.05,-0.05,-0.02,0.018,0.016,0.05,0.018,-0.1014348530982001,1.7656154360538618,-0.2893852156667484,4.059605107888366,3.7750938941216834,4.766501716022953,4.234913971470153,4.336638244342622,3.879631703483043,4.076190211051243,3.4244381587909234,3.535072213378358,3.362571620289009,4.187635196235819,4.0182540336236405,4.039247180094282,4.267804842036326
cx5_154,cx5_154,0.314867773,-0.038427185,0.1,0.14,-0.018,-0.05,0.14,-0.006,0.04,0.04,0.04,-0.02,0.075,1.05,-0.018,-0.012,-0.044,0.04,0.04,0.018,0.018,-0.06,0.016,-0.6,-0.048,-0.05,0.02,0.034,0.034,0.0,0.018,-0.2636223088224192,1.5064929086755985,-0.05551888866681951,3.9203105939897247,3.6342306629484473,4.591518941650196,4.17929937000919,4.183118834430898,3.977712159618254,4.154459229196103,3.4220980429241443,3.572524489860595,3.3100649057749036,4.156493146996463,3.9817009398282224,4.082701910080867,4.20747754219259
cx5_155,cx5_155,0.315719024,-0.066677534,0.2,0.08,-0.018,-0.05,0.08,-0.05,0.04,0.04,-0.02,-0.01,0.07,1.05,-0.034,0.05,0.046,0.04,0.04,0.018,0.014,0.06,0.034,-0.54,-0.052,0.0,-0.02,0.034,0.02,0.05,-0.016,-0.8736921048283806,1.050563488810857,-0.36663475308247334,3.575184773379759,3.368941562219544,4.275907161467832,3.9967836758463777,3.9070329840638944,3.9061431605941115,4.07287316873173,3.272999981899721,3.3757860057402675,3.135747792114686,4.061320868038509,3.8408243645574327,3.9127543398146343,4.138942488188374
cx5_156,cx5_156,0.324886746,-0.048601909,0.2,0.08,-0.02,-0.05,0.14,-0.05,0.04,0.04,-0.02,-0.01,0.07,1.05,-0.034,0.05,-0.05,-0.02,0.04,0.018,0.034,-0.06,0.018,-0.6,0.0,-0.05,-0.02,0.034,0.018,0.046,-0.016,-1.637149750845306,1.5774064949851905,0.7253261587553794,3.6173786207406464,3.318849679034091,4.429648389864436,4.280341918605886,4.013877884156781,4.177641105138817,4.631459552243378,3.105334644124136,3.3584519271652487,2.737312788823962,3.7085777034358034,3.554895009372201,4.139182162649484,3.74481918027698
cx5_157,cx5_157,0.318754229,-0.067791198,0.2,0.14,-0.034,0.0,0.14,-0.002,0.04,0.04,-0.02,-0.02,0.075,1.05,-0.034,-0.05,0.05,0.04,-0.04,0.018,0.034,0.06,0.018,0.38,0.0,-0.05,0.02,0.034,0.014,0.05,0.018,-0.5796336400421009,1.7620086258166587,0.24833391891790232,3.9491946886715814,3.6369108919100954,4.6826195471246965,4.291515267288647,4.251976398375365,4.03819907731239,4.335897738517678,3.3376640240013242,3.5263216164291618,3.1503826915977466,4.0164250228798855,3.8646975226871296,4.1345720031112,4.065774921451152
cx5_158,cx5_158,0.318624058,-0.059571265,0.2,0.14,-0.034,0.0,0.08,-0.05,-0.04,0.04,-0.02,-0.02,0.075,1.0,-0.016,0.05,-0.048,0.04,-0.02,0.016,0.014,-0.06,0.018,0.4,0.0,-0.046,0.02,0.034,0.014,0.05,-0.016,-0.6282083302413528,1.939480396287939,0.34766747038679746,4.0101305223278745,3.682120870918836,4.771613274086414,4.357986914215689,4.32572399879806,4.049685040334915,4.398244851493613,3.316499884113567,3.516471952601898,3.1108109587423463,3.974849254950673,3.8363371685832233,4.159532874019166,4.026700445567378
cx5_159,cx5_159,0.313797323,-0.038741606,0.2,0.06,-0.034,0.0,0.08,-0.05,-0.04,-0.02,0.04,-0.01,0.07,1.05,-0.034,-0.05,0.05,0.04,-0.02,0.018,0.018,-0.06,0.034,-0.6,-0.052,0.0,-0.02,0.034,0.034,0.0,0.018,0.12105596566398202,1.8845507041209775,-1.3145529345039717,4.139285635028919,3.934310966152941,4.905221257439504,4.157010982749257,4.46756755411666,3.5428075178390466,3.6862566594625656,3.3931809279772662,3.343585598241277,3.495536433325174,4.307678568748037,4.10189251347473,3.7748335402548037,4.478959314074525
cx5_160,cx5_160,0.317066115,-0.042341123,0.2,0.14,-0.034,0.0,0.08,-0.05,-0.04,-0.02,0.04,-0.01,0.07,1.05,-0.034,-0.056,0.05,0.04,-0.02,0.018,0.018,-0.06,0.034,0.4,-0.05,0.0,-0.02,0.018,0.034,0.0,0.018,0.05236760080087799,1.8140723139390769,-1.3461468721162388,4.092857778888121,3.897490982846964,4.858825558717078,4.130863675299099,4.427235946629725,3.537912821912424,3.6762012031111557,3.378374275895759,3.324343802146478,3.4773767008851553,4.2989889933543175,4.087193682450989,3.7564138956421393,4.471913471617508
cx5_161,cx5_161,0.309429004,-0.056938244,0.14,0.08,-0.034,-0.05,0.08,-0.05,-0.02,0.04,0.04,-0.01,0.0744,1.05,-0.016,0.05,0.05,0.04,-0.04,0.018,0.018,-0.06,0.018,-0.6,0.0,0.0,0.018,0.036,0.016,0.05,0.018,-0.7496470237904527,1.5630139823719542,-0.4692435943380795,3.8091567954236667,3.5815661104547925,4.582182367720247,4.146310567576843,4.170096528592836,3.8220717606344183,4.075565888443819,3.2527483323130735,3.3306566669715156,3.14422389816858,4.042594414146205,3.846298747877291,3.9057289446474903,4.1527404256139695
cx5_162,cx5_162,0.309589606,-0.046561292,0.2,0.08,-0.038,0.0,0.08,0.0,0.04,0.04,0.04,-0.02,0.075,1.05,-0.034,0.05,0.048,0.04,-0.02,0.034,0.018,-0.06,0.034,0.4,-0.05,-0.052,0.02,0.034,0.018,0.0,0.02,-0.3510882274400138,1.7133335113787709,-0.23158623099077225,3.9764811181401,3.7007622874559014,4.704325152605614,4.223313181847217,4.278835716994232,3.895770256179408,4.125052481295696,3.366042576601261,3.483476021798159,3.2689543526117464,4.11982798270272,3.947089777521378,4.024535039610813,4.20140613587856
cx5_163,cx5_163,0.317066115,-0.042341123,0.2,0.14,-0.034,0.0,0.08,-0.05,-0.04,-0.02,0.04,-0.01,0.07,1.05,-0.034,-0.056,0.05,0.04,-0.02,0.018,0.018,-0.06,0.034,0.4,-0.05,0.0,-0.02,0.018,0.034,0.0,0.018,,,,,,,,,,,,,,,,,
cx5_164,cx5_164,0.311514815,-0.057726151,0.2,0.14,-0.034,0.0,0.14,-0.002,0.04,0.04,0.04,-0.02,0.075,1.05,-0.034,0.052,0.05,0.04,-0.04,0.018,0.034,0.06,0.018,0.38,0.0,-0.05,0.02,0.034,0.014,0.05,0.018,-0.6872638465553864,1.778812613778932,0.34172750393876417,3.930723380156771,3.6139044760525807,4.674809850994434,4.306618656340983,4.242562478384186,4.063068362422912,4.386243680976303,3.314379779880493,3.515905935012421,3.102677798293837,3.977739503262247,3.8296930887828102,4.148368413766335,4.023622296600294
cx5_165,cx5_165,0.310926086,-0.067725171,0.2,0.08,-0.034,0.0,0.08,-0.05,0.04,-0.02,0.04,-0.01,0.07,1.05,-0.034,-0.05,-0.05,0.04,-0.02,0.018,0.034,-0.06,0.034,-0.54,-0.05,0.0,-0.02,0.034,0.018,0.0,0.018,-0.422934243179798,1.7882088074456401,-1.1251856056567129,3.9667050117172877,3.774103111837638,4.776782874361796,4.144454411305503,4.34702535974567,3.596586414204812,3.817758791632341,3.2693738024807133,3.244182728040668,3.286382272970157,4.153405568505877,3.944053773163118,3.761165850134609,4.322953601138132
cx5_166,cx5_166,0.319193965,-0.060177424,0.2,0.08,-0.034,0.0,0.08,-0.05,0.04,-0.02,-0.04,-0.01,0.07,1.05,-0.034,-0.048,-0.082,0.04,0.04,0.018,0.034,-0.08,0.034,-0.6,-0.05,0.0,-0.02,0.034,0.018,0.0,0.018,,,,,,,,,,,,,,,,,
cx5_167,cx5_167,0.307835498,-0.061904288,0.2,0.08,-0.034,0.0,0.08,-0.05,0.04,0.04,0.04,-0.01,0.07,1.05,-0.034,0.052,-0.05,0.04,-0.02,0.018,0.034,-0.04,0.034,0.4,-0.05,-0.052,-0.02,0.034,0.016,0.05,0.018,-1.4271529861969134,1.6303855315257731,-0.2901919841611447,3.6677445472430916,3.4516702629303477,4.529527053595972,4.182814076636394,4.111535064093964,3.8506012550178945,4.239417346191299,3.0773435814139742,3.172921906526723,2.8707094511792834,3.8322530392885388,3.638936468297707,3.8750795249426595,3.955610312489626
cx5_168,cx5_168,0.308310777,-0.04737008,0.1,0.14,-0.016,-0.05,0.08,0.0,0.04,0.04,0.04,-0.02,0.07,1.05,-0.016,-0.05,-0.05,0.04,-0.02,0.018,0.034,0.06,0.034,0.38,-0.05,-0.05,-0.02,0.034,0.018,0.05,0.018,0.09379990126055993,1.286349378109012,-0.5100326351730178,3.9125083896631017,3.663037218988272,4.531874766590511,4.061295749860776,4.143054415296332,3.8660902651854068,3.916523346575778,3.5027009941666063,3.5911003044054577,3.491043217949252,4.31452610431395,4.112378435340201,3.99328823466268,4.38117829908445
cx5_169,cx5_169,0.316635461,-0.070737355,0.2,0.08,-0.018,0.0,0.08,-0.05,0.04,-0.02,-0.02,-0.01,0.07,1.05,-0.034,-0.05,-0.05,0.04,-0.02,0.018,0.018,-0.06,0.034,-0.54,-0.05,0.0,-0.02,0.034,0.018,0.0,0.018,-0.4239482506090506,1.7378501017636019,-1.126684301352675,3.9462827768678377,3.7563399379120366,4.748555008688743,4.128523303327784,4.32306702114649,3.6014696297213136,3.811773723415444,3.2734771850090905,3.2490635429116246,3.2904592367885863,4.159188179983411,3.947084837853551,3.759908980052643,4.326166276458918
cx5_170,cx5_170,0.309740107,-0.057299326,0.2,0.14,-0.016,-0.05,0.14,-0.05,0.04,-0.02,0.04,-0.02,0.0702,1.004,-0.016,-0.05,0.05,0.06,-0.02,0.034,0.034,-0.1,0.018,0.4,-0.05,-0.002,-0.02,0.034,0.018,0.052,0.018,-0.1240469055992357,1.94634637939156,-0.6321477237932698,4.117873010945379,3.857551529888864,4.879930670018183,4.252253333587228,4.435552055516858,3.7487313835815925,3.9744857680873373,3.3751258260807764,3.4280216167410225,3.357925655866662,4.183904632108561,4.0086080086802784,3.9409555402379586,4.305913878755477
cx5_171,cx5_171,0.31592593,-0.066428782,0.2,0.08,-0.034,0.0,0.08,-0.002,0.04,0.04,-0.02,-0.02,0.075,1.05,-0.034,-0.05,0.05,0.04,-0.04,0.018,0.034,-0.06,0.018,-0.54,0.0,0.0,0.02,0.034,0.014,0.05,0.018,-0.4231276987500123,1.602412523917419,0.012408042035214086,3.919633678473014,3.629928586452605,4.622772486860177,4.215871718366765,4.206141158349177,3.984172747155615,4.211280397332624,3.375688337203484,3.532685617179385,3.237236539413466,4.0956899470575,3.926991720542625,4.083978485568269,4.151807442730623
cx5_172,cx5_172,0.307665693,-0.019309419,0.08,0.08,-0.034,-0.05,0.08,0.0,-0.02,0.04,0.06,-0.01,0.075,1.002,-0.016,0.05,0.05,-0.02,-0.02,0.016,0.018,-0.06,0.016,-0.6,-0.05,0.0,0.02,0.034,0.034,0.058,0.018,-0.35225102209544,1.441700039904097,-0.9385105605618339,3.8506880049080054,3.654371526625643,4.583337572481806,4.05783515314477,4.182481241194254,3.696387522563237,3.837821119912029,3.334190806703998,3.3462779998161953,3.3326461519691684,4.201160468562258,3.9826027242173696,3.8183628559661527,4.332178286400338
cx5_173,cx5_173,0.306108096,-0.041872973,0.1,0.06,-0.034,0.0,0.08,-0.05,0.04,0.04,0.04,-0.01,0.0744,1.0,-0.034,-0.05,-0.05,0.04,0.04,0.016,0.034,-0.06,0.018,-0.6,-0.05,0.002,-0.02,0.018,0.016,0.05,0.018,-1.2423367811330128,1.7664143618371053,-0.7558976713991674,3.7580539284722327,3.5701868537059407,4.648606992659725,4.173688866249233,4.220103911772633,3.6915306985983696,4.060085439876192,3.078507260048055,3.100744219431738,2.9558016434437375,3.900541929904581,3.696095232644711,3.766346600795484,4.0665685660524495
cx5_174,cx5_174,0.312014439,-0.032917707,0.1,0.14,-0.018,-0.05,0.08,0.0,0.04,0.04,0.04,-0.01,0.07,0.998,-0.018,0.05,-0.064,0.04,0.04,0.034,0.018,-0.06,0.034,-0.6,-0.048,-0.05,-0.02,0.034,0.03,0.004,0.018,-0.4855423941378172,1.6795668699660524,-0.7484002015703852,3.916351213539721,3.696811609933563,4.691810327431218,4.152915969470184,4.270409990385314,3.727970051813023,3.9513033587889645,3.2918505563372764,3.3271279473094517,3.250436579264755,4.122341884281609,3.923166584844151,3.8597818818331944,4.254134769621148
cx5_175,cx5_175,0.314631611,-0.063677981,0.2,0.14,-0.034,0.0,0.14,-0.002,0.04,0.04,-0.02,-0.02,0.075,1.05,-0.034,-0.05,0.05,0.04,-0.04,0.016,0.034,0.06,0.018,0.38,0.0,-0.05,0.02,0.034,0.014,0.048,0.018,-0.5577390827223638,1.751813142271983,0.24808672698500386,3.950692413492067,3.637912771402448,4.679592079610863,4.2884581007456175,4.249806286570324,4.039927247144677,4.331730965316892,3.3444855371686875,3.533604144492494,3.1596009431608283,4.02378389156563,3.871780605493071,4.1370349470598,4.071766796978004
cx5_176,cx5_176,0.314033722,-0.062827175,0.12,0.14,-0.034,-0.05,0.08,-0.05,0.04,0.04,0.04,-0.01,0.0744,1.05,-0.016,0.05,0.05,0.04,-0.04,0.018,0.018,0.06,0.018,-0.6,0.0,0.002,0.018,0.034,0.016,0.05,0.018,-1.3013760585353258,1.2605565699259103,-0.4264936290434105,3.5487108668673573,3.3576622056623844,4.343953212889922,4.052525581301291,3.9575622232947087,3.8503164685531113,4.13192064962647,3.1336772619221853,3.217092379221431,2.9584471096929628,3.9208208651917,3.703414075645391,3.846289898689528,4.031610325243637
cx5_177,cx5_177,0.309774846,-0.054974414,0.2,0.14,-0.034,0.0,0.08,-0.05,0.04,0.04,-0.02,-0.02,0.075,1.0,-0.016,0.04,0.048,0.04,-0.02,0.018,0.034,-0.08,0.034,0.4,-0.05,-0.05,0.02,0.034,0.018,0.05,-0.016,-0.2337015685128745,1.5220118129714297,-0.16767953222825557,3.931451489206581,3.6536906514025307,4.608777012723113,4.171601157978743,4.1993105308688845,3.940774475935136,4.111324156581764,3.4199656052598875,3.552885166034655,3.3265137959284985,4.1708930706066925,3.9923212890414628,4.054490120327397,4.231769839129082
cx5_178,cx5_178,0.316157355,-0.071441139,0.2,0.08,-0.034,0.0,0.08,-0.05,0.06,-0.02,0.04,-0.01,0.07,1.05,-0.034,-0.054,-0.05,0.04,-0.02,0.018,0.034,-0.06,0.034,-0.54,-0.05,0.0,-0.02,0.034,0.018,0.0,0.018,-0.5535642875283107,1.7478041901039454,-1.0695237863005949,3.9186040735329994,3.7288695525745688,4.735831685229862,4.137197075132372,4.309409790554004,3.6146454699069226,3.8511330276499884,3.2419896271449624,3.224608497851502,3.237074112777698,4.117690596862679,3.907018577663049,3.760556933601905,4.2849560361253705
cx5_179,cx5_179,0.313797323,-0.038741606,0.2,0.06,-0.034,0.0,0.08,-0.05,-0.04,-0.02,0.04,-0.01,0.07,1.05,-0.034,-0.05,0.05,0.04,-0.02,0.018,0.018,-0.06,0.034,-0.6,-0.052,0.0,-0.02,0.034,0.034,0.0,0.018,,,,,,,,,,,,,,,,,
cx5_180,cx5_180,0.311136359,-0.057070231,0.2,0.08,-0.034,-0.052,0.08,-0.05,-0.02,0.04,0.04,-0.01,0.0746,1.05,-0.016,0.05,-0.05,0.04,-0.04,0.016,0.018,-0.06,0.016,-0.58,-0.002,0.012,0.02,0.036,0.016,0.05,0.018,-0.5405243466545029,1.5306548104094748,-0.3397121582894673,3.8526088028875267,3.6047739493420643,4.58383544086434,4.152468991369364,4.174127826710764,3.8742322001556717,4.090974247238266,3.322506351517254,3.424177589890955,3.2190587722479367,4.095948483723581,3.906325654358493,3.967893437417909,4.184603734112776
cx5_181,cx5_181,0.311651859,-0.063564981,0.2,0.14,-0.034,0.0,0.14,-0.002,0.04,0.04,-0.02,-0.02,0.075,1.002,-0.034,-0.05,0.05,0.04,-0.04,0.018,0.034,0.06,0.018,0.38,0.0,-0.05,0.02,0.034,0.014,0.056,0.018,-0.6640404253509704,1.9225189392118658,0.1121761441120144,3.9885824408652586,3.685064590272822,4.7681252017166305,4.325603143215951,4.324224654658898,3.974224347818535,4.315475604840929,3.2897234794918986,3.452631702043187,3.1121725323773997,3.9833072888731857,3.832986127178228,4.087548233139279,4.056984927690833
cx5_182,cx5_182,0.322203385,-0.032153064,0.1,0.14,-0.018,-0.05,0.08,-0.05,-0.04,0.04,0.04,-0.01,0.07,1.054,-0.018,-0.052,-0.05,-0.04,0.04,0.018,0.018,0.06,0.034,-0.6,-0.05,-0.05,0.02,0.034,0.034,0.0,-0.018,-0.5699241869391904,1.0749198780325369,-0.7091382215635955,3.6541182959773555,3.4645205668220918,4.341575848498754,3.9676255249560697,3.971329981505428,3.8027501180012004,3.91000432236672,3.326078611414669,3.378706656853651,3.268672906059566,4.167531953141467,3.9369509778072658,3.8522443930587014,4.266018028617747
cx5_183,cx5_183,0.314290914,-0.03482246,0.1,0.14,-0.018,-0.05,0.14,0.0,0.04,0.04,0.04,-0.02,0.07,1.0,-0.018,-0.048,-0.048,0.04,0.04,0.018,0.018,0.06,0.034,-0.6,-0.05,-0.05,0.02,0.034,0.034,0.0,-0.016,-0.06871016116066908,1.5230599141200276,-0.5519617141778903,3.9647084565662083,3.7150998923973644,4.646353858105335,4.1293783965748325,4.237629415903119,3.821848593755333,3.9493524155586623,3.434236990890643,3.509070211838101,3.4111363507000094,4.24390571478408,4.050406800564366,3.9647394945155456,4.3334555085885045
cx5_184,cx5_184,0.312007849,-0.053989438,0.2,0.08,-0.034,0.0,0.08,-0.046,0.04,-0.02,0.04,-0.02,0.07,1.05,-0.034,-0.05,-0.05,0.04,-0.02,0.018,0.034,-0.06,0.034,-0.54,0.0,0.0,-0.028,0.018,0.018,0.0,0.018,-0.18336722124088034,1.7410832953496822,-0.4350601152028629,4.025435428873851,3.7595466510131255,4.7492155608336475,4.210051935003246,4.321790285739064,3.8325065941569063,4.0314815474321275,3.3929384952398163,3.4801336492659214,3.341927734974399,4.177783661253534,3.9995984561835978,3.9872157395939105,4.272965920203024
cx5_185,cx5_185,0.318754122,-0.035776914,0.1,0.14,-0.012,-0.05,0.08,0.0,-0.04,0.04,0.04,-0.02,0.07,1.05,-0.018,0.046,-0.048,-0.04,-0.02,0.018,0.034,0.06,0.034,-0.6,-0.05,-0.05,0.02,0.034,0.034,0.0,-0.016,0.2719235427816835,1.0104954028509123,-0.46156781184550494,3.848797807256267,3.6000481399255633,4.3971119284672335,3.981826937513137,4.0314915263981534,3.9171518220257164,3.8796367363717468,3.579405096557759,3.6834012527065063,3.579908872469249,4.393697601442085,4.181311277339461,4.025067798076832,4.43413066654266
cx5_186,cx5_186,0.313619802,-0.067173849,0.2,0.14,-0.034,-0.002,0.08,-0.05,0.04,0.04,0.04,-0.02,0.0698,1.05,-0.034,0.05,-0.048,0.04,-0.02,0.018,0.034,-0.06,0.018,0.4,-0.052,-0.05,-0.03,0.036,0.014,0.0,-0.016,,,,,,,,,,,,,,,,,
cx5_187,cx5_187,0.309312703,-0.057837076,0.12,0.1,-0.034,0.0,0.08,-0.05,-0.02,0.04,0.04,-0.01,0.0744,1.05,-0.016,0.048,0.05,0.04,-0.04,0.016,0.018,-0.06,0.018,-0.6,0.0,0.0,0.018,0.036,0.016,0.05,0.018,-1.348596600465211,1.7432652042760317,-0.665216176139775,3.723897892002349,3.5336463019532642,4.618733855829484,4.175995463062824,4.1920166880058805,3.719852924244672,4.1048358018929285,3.0589474423158065,3.0944599100096104,2.9122448795794513,3.867160185676456,3.6641713800130495,3.7789759790416264,4.0277363008385585
cx5_188,cx5_188,0.312822753,-0.046298911,0.2,0.08,-0.034,-0.05,0.08,0.0,0.04,0.04,-0.02,-0.02,0.075,1.05,-0.034,0.05,-0.048,0.04,-0.02,0.016,0.034,-0.06,0.034,-0.6,0.0,-0.046,0.02,0.034,0.018,0.0,0.018,-0.07842995608869963,1.430918809236223,0.1678061144050934,3.942638377300401,3.6307909364264335,4.561958219004573,4.182444618384166,4.159389079534114,4.064039869562483,4.202444041925729,3.496634512495656,3.6860944732178904,3.3741865685901513,4.201690663078976,4.035141197496259,4.168168812537677,4.221222333913841
cx5_189,cx5_189,0.308260323,-0.047653867,0.12,0.08,-0.016,-0.048,0.06,-0.05,-0.02,-0.04,0.04,-0.01,0.0744,1.05,-0.016,0.05,0.052,0.04,-0.04,0.034,0.034,-0.06,0.018,-0.6,-0.052,-0.05,-0.02,0.036,0.018,0.05,0.018,0.07921640276852582,1.4458592122141347,-0.4771866709349264,3.9733338579063275,3.713644747448761,4.617883424938326,4.114826464317316,4.2154805047997375,3.8591234408204502,3.948104453727049,3.487100853598434,3.5772069563196633,3.469757918028249,4.28925627536327,4.096847304254704,4.003132488370602,4.362174511364839
cx5_190,cx5_190,0.312475362,-0.024724083,0.1,0.08,-0.034,-0.05,0.08,-0.05,-0.02,0.04,0.04,-0.01,0.075,1.05,-0.016,0.05,0.05,-0.04,0.04,0.016,0.016,-0.08,0.034,-0.6,-0.05,0.002,-0.02,0.034,0.034,0.05,0.018,-0.37961971988819143,1.2257855412971477,-1.145022132949355,3.7524703161226483,3.587311138973403,4.468311309524504,3.966577532462161,4.086227361744105,3.6519058488501335,3.742431034288584,3.3297577152566147,3.313492187820208,3.352851133764146,4.233513906628602,3.9939835720541255,3.7529209761150053,4.372560693316237
cx5_191,cx5_191,0.303573256,-0.040946744,0.1,0.08,-0.034,0.0,0.08,-0.05,0.04,0.04,0.04,-0.01,0.0744,1.0,-0.034,-0.05,-0.05,0.04,0.04,0.018,0.018,-0.06,0.018,-0.6,-0.05,-0.05,-0.02,0.018,0.016,0.05,0.018,-1.478929934795381,2.078468162397206,-0.3321174710551657,3.8326431007573625,3.6009001298150984,4.775724555739958,4.317828482717045,4.319888998022217,3.7873066823771113,4.28074332325431,3.0200022164363807,3.0991856952972046,2.814502857078834,3.767634739234257,3.5955800985956463,3.8630227168050872,3.921192683609148
cx5_192,cx5_192,0.317578299,-0.05516576,0.2,0.08,-0.016,-0.05,0.08,0.0,-0.02,0.04,-0.02,-0.02,0.075,1.05,-0.034,-0.038,0.05,0.04,-0.04,0.018,0.034,0.06,0.016,-0.6,-0.05,-0.05,0.02,0.034,0.018,0.0,0.016,0.2602534211746761,1.3544134546943756,0.17535192347068213,3.9985364604788933,3.6739710331595266,4.560053274195971,4.16185132394997,4.163841473910844,4.0857382798179325,4.151119103441569,3.5958020333368617,3.792521929761365,3.509073338945542,4.305113902433194,4.1391123354681545,4.210655775984894,4.306893187367713
cx5_193,cx5_193,0.312720662,-0.045919787,0.2,0.08,-0.016,0.0,0.08,0.0,-0.02,0.04,0.04,-0.01,0.07,0.998,-0.034,0.05,-0.05,0.04,-0.04,0.034,0.034,0.06,0.016,-0.6,-0.05,-0.05,0.02,0.018,0.034,0.05,0.008,-0.7557965002324623,1.7480592385375466,-0.10679312710210903,3.8902298130785793,3.619995555097709,4.668999577242342,4.245423295767392,4.240408618151491,3.9191689393699454,4.228810377167845,3.2631649164878835,3.394063232213223,3.1050274739900514,3.9935849078428705,3.823125462401314,4.011251997429707,4.08113418296524
cx5_194,cx5_194,0.312395797,-0.04093205,0.1,0.14,-0.018,-0.05,0.08,0.0,0.04,0.04,0.04,-0.02,0.07,0.998,-0.018,0.046,-0.056,0.04,0.04,0.018,0.018,0.06,0.034,-0.6,-0.048,-0.05,0.02,0.018,0.034,0.0,-0.016,-0.07515080549123576,1.3075278335515215,-0.2159239059995223,3.8849672083105737,3.6148577830246342,4.510216994889457,4.100174220259548,4.118980146793676,3.9533594357516297,4.048667370686981,3.4782561966305843,3.61009454818757,3.4081545815326133,4.244086969837558,4.053991740409819,4.0570695567261295,4.291617492825991
cx5_195,cx5_195,0.306761556,-0.030694564,0.2,0.06,-0.034,0.016,0.08,0.004,0.04,-0.02,0.04,-0.02,0.07,1.05,-0.034,-0.05,-0.044,0.04,-0.02,0.018,0.018,-0.06,0.034,-0.6,-0.05,-0.05,-0.02,0.018,0.034,0.048,0.018,-0.11469154539769755,1.7312886974686545,-0.2787032511105236,4.042762969871752,3.7595564095291696,4.745215952855475,4.225295316231149,4.318239836300958,3.886332726040737,4.078062265339672,3.4247551502736107,3.53758695381567,3.359905873876759,4.187236690274352,4.016341135352041,4.04020259130552,4.26507019189657
cx5_196,cx5_196,0.313067833,-0.054172832,0.2,0.08,-0.034,0.0,0.08,-0.05,0.04,-0.02,0.04,-0.01,0.07,1.05,-0.034,-0.052,-0.05,0.04,-0.02,0.034,0.018,-0.06,0.016,-0.6,-0.05,0.0,-0.02,0.018,0.034,0.05,0.018,-0.9258508854265404,1.8266908755784534,-0.4525019423921406,3.8700507964060655,3.6361577567697436,4.707498039311115,4.229409366265643,4.273093409826734,3.793453338179457,4.1345799351229475,3.1827975349164315,3.255608870846575,3.0534075190636547,3.960836492156641,3.7770530433575433,3.8926675480402353,4.090543063391712
cx5_197,cx5_197,0.312396127,-0.050888537,0.2,0.06,-0.018,0.0,0.08,-0.05,0.04,-0.02,0.04,-0.01,0.0692,1.05,-0.034,-0.05,-0.05,0.04,-0.02,0.018,0.038,-0.06,0.034,-0.6,-0.05,-0.05,-0.02,0.018,0.034,0.0,0.014,-0.5213382437806195,1.6185284049930537,-0.5490006809610521,3.887608441044269,3.654110998256308,4.644535301916624,4.156265877142855,4.227858707060562,3.797793042233484,4.021942932212041,3.3033406473479827,3.3706553817263156,3.2307099831947133,4.105576043213756,3.9115646342568624,3.9115956719239344,4.21729669406281
cx5_198,cx5_198,0.323543808,-0.057116929,0.2,0.14,-0.016,-0.05,0.14,-0.05,-0.02,-0.02,-0.02,-0.01,0.07,1.05,-0.034,0.05,-0.05,-0.04,0.04,0.018,0.034,-0.06,0.034,-0.6,0.0,0.0,-0.02,0.018,0.018,0.0,-0.016,-0.2711723059189133,1.4762534444528566,-0.6009580857562454,3.893240037318399,3.6599308206736407,4.597683169097619,4.107675031448065,4.193099423876713,3.8044243324121223,3.9535951225840065,3.379707293335189,3.445109442750591,3.3410944959865008,4.196150694593839,3.9954383356429815,3.925320999137739,4.295309048813466
cx5_199,cx5_199,0.314621074,-0.065969107,0.22,0.08,-0.034,0.0,0.08,-0.05,0.04,-0.02,0.04,-0.01,0.07,1.05,-0.034,-0.05,-0.058,0.04,-0.02,0.018,0.034,-0.06,0.034,-0.54,-0.05,0.0,-0.02,0.034,0.018,0.0,0.018,-0.3303136346787714,1.7789042927448886,-1.0622492102036942,3.9880926459536026,3.785757966455187,4.780082379742661,4.149388530263424,4.350939541490964,3.6209483357968946,3.82716607960782,3.300260140132904,3.2863642765243664,3.3187706643560193,4.1760511543104,3.9701687296388446,3.7903613692491502,4.335849358920278
cx5_200,cx5_200,0.303573256,-0.040946744,0.1,0.08,-0.034,0.0,0.08,-0.05,0.04,0.04,0.04,-0.01,0.0744,1.0,-0.034,-0.05,-0.05,0.04,0.04,0.018,0.018,-0.06,0.018,-0.6,-0.05,-0.05,-0.02,0.018,0.016,0.05,0.018,-1.4830484203742134,2.079702844392436,-0.327601278206894,3.8321953484970614,3.600161786950257,4.775715228047784,4.318698822045437,4.319766000873102,3.788499460218963,4.2830783800765975,3.0191327923547107,3.0989444394816115,2.812571972447395,3.766018391614991,3.5941778552257397,3.863828528028301,3.919390322624344
cx5_201,cx5_201,0.305771548,-0.051503397,0.12,0.08,-0.034,-0.05,0.08,-0.05,0.04,0.04,0.04,-0.008,0.0744,1.05,-0.034,-0.05,-0.05,0.04,-0.04,0.018,0.018,-0.06,0.018,-0.6,-0.05,-0.05,-0.02,0.018,0.016,0.05,0.018,-1.300382884821722,1.5760529293473056,-0.1802200871284274,3.6809622923966887,3.4513831850257564,4.509725155895558,4.1792686664197625,4.096043379611009,3.8961085890867193,4.256361178649765,3.125212573220914,3.2408354783992577,2.9172882356414944,3.8665040086229223,3.6767868743974503,3.9212751414658213,3.9720853084990244
cx5_202,cx5_202,0.308641687,-0.049525781,0.1,0.14,-0.034,0.0,0.08,-0.05,0.04,0.04,0.04,-0.02,0.075,1.05,-0.034,0.05,-0.048,0.04,0.04,0.018,0.034,-0.06,0.034,0.4,-0.052,-0.052,-0.03,0.036,0.014,0.05,0.018,-0.5625218575371069,1.5241637329329336,-0.38563722857534777,3.8433097787427037,3.601106351487285,4.579547556965136,4.1450478970224465,4.17050212384247,3.8593674652881296,4.076501159496958,3.3135029515646126,3.4078107048800006,3.2138985646854805,4.093769325967814,3.9014852522475727,3.951975954539615,4.187079213670607
cx5_203,cx5_203,0.320585029,-0.049372299,0.2,0.14,-0.016,-0.05,0.14,0.0,-0.02,0.04,-0.02,-0.02,0.075,1.05,-0.034,-0.05,-0.05,0.04,-0.04,0.018,0.034,0.06,0.018,0.34,0.0,-0.05,0.02,0.034,0.018,0.0,0.018,0.012637892000198825,1.6265457747239243,0.13703760680902483,4.043296152465497,3.7204794677278903,4.68382923375798,4.240803022367103,4.264731162145061,4.036088201659703,4.200644642936141,3.501407616832548,3.6832713831834165,3.393548165119559,4.206201561815395,4.04981526652662,4.1732337836118685,4.235721631502691
cx5_204,cx5_204,0.313288442,-0.057778384,0.2,0.14,-0.034,0.0,0.08,-0.05,0.04,0.04,-0.02,-0.02,0.07,1.05,-0.016,0.052,-0.058,0.04,-0.02,0.018,0.034,-0.06,0.034,-0.54,-0.05,0.0,0.02,0.034,0.018,0.0,0.018,-0.1936962128140034,1.437362520853359,-0.6983240324925737,3.89510503233305,3.6691899662804355,4.58964204788997,4.084989385844492,4.188552011756867,3.7796556397916863,3.9034176104792575,3.396482075043161,3.448440441768933,3.3794905277321656,4.229280390662519,4.023158152720011,3.9063935391316034,4.332211117951981
cx5_205,cx5_205,0.310566197,-0.064780448,0.2,0.08,-0.036,0.0,0.08,-0.052,0.04,-0.02,0.04,-0.01,0.07,1.05,-0.034,-0.05,-0.05,0.04,-0.02,0.018,0.034,-0.06,0.034,-0.54,-0.05,0.0,-0.02,0.034,0.018,0.0,0.018,-0.4572784286388083,1.8017456649643826,-1.1212919951974083,3.963457974448351,3.7714270302067012,4.780003708635097,4.148880888553324,4.349101318716824,3.595272048560928,3.8252990079443676,3.259169419775037,3.2338550404777635,3.2719347989881022,4.141907580804305,3.9330137447810958,3.7582710210846084,4.31314766001775
cx5_206,cx5_206,0.300244911,-0.041081045,0.2,0.08,-0.034,0.0,0.08,-0.05,0.04,0.04,0.04,-0.01,0.0744,1.0,-0.034,-0.05,-0.05,0.06,0.04,0.016,0.034,-0.06,0.018,-0.6,-0.05,-0.05,-0.02,0.018,0.016,0.05,0.018,-1.079826838417414,1.886643425131199,-0.013830274484158692,3.865284370814732,3.594652861587008,4.70299229609954,4.296988156090487,4.262550065023429,3.923775323737552,4.321620020218446,3.1703558367607596,3.30868738975246,2.964550658898387,3.8798800989827598,3.7168148176148263,4.000176962697501,3.9788793987202125
cx5_207,cx5_207,0.320196852,-0.05397777,0.2,0.06,-0.016,0.0,0.08,-0.05,0.04,0.04,0.04,-0.01,0.07,1.05,-0.034,-0.05,-0.05,0.04,-0.02,0.018,0.024,-0.06,0.034,-0.6,-0.05,0.0,-0.02,0.018,0.034,-0.006,-0.016,-0.853896382894489,1.2709855191692458,-0.6184787775598183,3.662299340067409,3.4678328812260455,4.412700510218796,4.037202507949809,4.025727012359113,3.801755010143451,4.002946908886516,3.2388062422496082,3.297869529533427,3.1385515719478763,4.058407160255337,3.8386735587356657,3.846210614604163,4.170159853180926
cx5_208,cx5_208,0.317199433,-0.064538935,0.2,0.08,-0.016,-0.048,0.06,-0.05,0.04,-0.04,-0.04,-0.01,0.07,1.05,-0.034,0.054,-0.05,0.04,-0.02,0.034,0.034,0.06,0.034,0.4,-0.05,-0.05,0.02,0.016,0.034,0.0,0.018,-0.5235937048385639,1.1666655732874194,-0.43247581917000266,3.70921785336662,3.487124000766993,4.386364152160096,4.02816807775596,4.007696934457444,3.8838396717297243,4.014626434270276,3.3522707750573573,3.4470358175864777,3.262440574406387,4.1502790934308615,3.937436144559593,3.9383359380470186,4.226875841661249
cx5_209,cx5_209,0.3177432,-0.05334336,0.2,0.08,-0.034,-0.05,0.14,-0.05,0.04,0.04,-0.02,-0.01,0.07,1.05,-0.034,0.05,-0.05,0.04,-0.02,0.016,0.016,-0.06,0.034,0.4,-0.05,-0.05,0.02,0.018,0.034,0.0,0.018,-1.411070884711073,1.840707168502787,-0.40200317458843704,3.753228878242634,3.5365233165804595,4.6540569265078595,4.2359918202534415,4.218500802842584,3.792433314788498,4.219842705456983,3.054097008092362,3.1280697921884246,2.8649520233595602,3.81968912519213,3.6327708242054806,3.8480001912460944,3.9640511861336623
cx5_210,cx5_210,0.312336115,-0.071815702,0.2,0.14,-0.034,0.0,0.08,-0.05,0.04,0.04,0.04,-0.02,0.075,1.05,-0.016,0.05,-0.048,0.04,-0.04,0.018,0.034,-0.06,0.034,0.38,-0.052,-0.052,0.018,0.036,0.014,0.05,-0.016,,,,,,,,,,,,,,,,,
cx5_211,cx5_211,0.313029983,-0.062038678,0.2,0.08,-0.034,0.0,0.08,-0.05,0.04,-0.02,0.04,-0.01,0.07,1.048,-0.034,0.048,0.044,0.04,-0.02,0.018,0.034,-0.06,0.034,0.4,-0.05,-0.05,-0.02,0.034,0.018,0.0,-0.018,-0.7836984617407774,1.5906694633662752,-0.2845539663792617,3.815956550968963,3.5713468536952364,4.585381802719827,4.175743133593347,4.170539881090802,3.877685567970852,4.150437249598982,3.255630920555091,3.3614859307829374,3.118295654438864,4.016847210064876,3.829790649680172,3.9547881109778746,4.113024458232487
cx5_212,cx5_212,0.318232933,-0.065032622,0.2,0.08,-0.016,0.0,0.14,-0.054,0.04,0.04,-0.02,-0.01,0.07,1.05,-0.034,0.05,-0.05,0.04,-0.02,0.034,0.034,-0.08,0.018,0.4,-0.05,-0.05,-0.02,0.018,0.036,0.0,0.018,-1.5669161705965022,2.0330372136007675,0.07297288832057175,3.801765697362508,3.5385206241647653,4.721777529223633,4.349100783694742,4.268887634311715,3.9202310206131425,4.435006591741213,3.032194604971071,3.1746591613865207,2.7617997519778554,3.7199951664307913,3.5624079561318824,3.9675179020947637,3.8376389785041387
cx5_213,cx5_213,0.325225739,-0.056894262,0.22,0.14,-0.016,-0.052,0.14,-0.05,0.04,-0.04,-0.02,-0.01,0.07,1.05,-0.034,-0.048,-0.05,-0.02,0.04,0.018,0.016,-0.06,0.016,-0.6,0.0,0.0,-0.02,0.034,0.018,0.05,-0.014,-0.6609477438892235,1.675296083644458,-0.04095490816901517,3.886890735876783,3.6096638946701938,4.636944192566678,4.230853260875029,4.214335982959397,3.9513470321843527,4.231947279701858,3.3005497845600376,3.4445210074643966,3.1436107030196383,4.024164229723468,3.8539637859268927,4.04066262861489,4.09815666480003
cx5_214,cx5_214,0.307730905,-0.038904489,0.1,0.08,-0.034,0.0,0.14,-0.05,0.04,0.04,0.04,-0.01,0.0744,1.0,-0.034,-0.052,-0.05,0.04,0.04,0.018,0.018,0.06,0.018,-0.6,-0.05,-0.05,-0.02,0.018,0.016,0.05,0.018,-1.6362367429002433,2.4088450459613338,-0.46589757300753853,3.9214073160220737,3.6932643520347628,4.947274806108884,4.404790427631638,4.463810188853439,3.7035036701418167,4.289810762249051,2.9373357488260057,2.986709479501911,2.733698803061923,3.6938150574222646,3.5313664105131464,3.8101437045949065,3.8835190049296235
cx5_215,cx5_215,0.311747411,-0.068840554,0.2,0.14,-0.032,0.0,0.08,-0.05,0.04,0.04,0.04,-0.02,0.075,1.05,-0.034,0.05,-0.048,0.04,-0.02,0.016,0.034,-0.06,0.034,0.4,-0.052,-0.052,-0.03,0.036,0.014,0.05,-0.016,-0.2809934699820613,1.390567602113947,0.09520479844568124,3.873159035246457,3.579503105528778,4.51792483308644,4.160071905963954,4.119003815849975,4.038290957789991,4.198823299637944,3.4396381095804673,3.615832232583053,3.3048984993329147,4.1547959032866135,3.9803260718711617,4.1220754660081305,4.186435524975395
cx5_216,cx5_216,0.308252926,-0.045332384,0.1,0.08,-0.034,0.0,0.08,-0.05,0.04,0.04,0.04,-0.01,0.0744,1.0,-0.034,-0.05,-0.05,0.04,0.04,0.018,0.018,-0.06,0.018,-0.6,-0.058,-0.052,-0.02,0.018,0.022,0.05,0.018,-1.3908315175806587,2.0185088320841444,-0.3425737308006091,3.830874791765802,3.598949662819365,4.753366834915325,4.298526549924877,4.30260674994257,3.793233142162797,4.258436693129001,3.048394282418023,3.1283347152235517,2.853782819668043,3.8001492415966043,3.6255599960142177,3.86996151992453,3.9480339943892155
cx5_217,cx5_217,0.312915258,-0.051510969,0.2,0.08,-0.016,-0.05,0.06,-0.05,0.04,0.04,0.04,-0.01,0.07,1.05,-0.034,0.05,-0.05,0.04,-0.02,0.018,0.018,0.06,0.016,0.4,-0.05,-0.05,0.02,0.018,0.034,0.0,0.018,-0.9302794667006415,1.0506857932770899,0.3027384102944228,3.5768431932936124,3.3107203922338,4.2396358934519665,4.072629784488287,3.8692319791848804,4.120622502814374,4.324148166150936,3.3104872737205597,3.517491848160445,3.0758635597518285,3.9985802059217574,3.807099951399381,4.097328547346656,4.0175736559313275
cx5_218,cx5_218,0.305123433,-0.058974972,0.2,0.08,-0.034,0.0,0.08,-0.05,0.04,-0.02,0.04,-0.01,0.0698,1.05,-0.034,-0.05,-0.074,0.04,-0.04,0.018,0.034,-0.06,0.018,-0.54,-0.05,0.0,-0.02,0.034,0.014,-0.002,0.018,-0.5794479722089223,1.794669660512323,-0.6474364909764808,3.9408474470335286,3.710601737710135,4.740325892914358,4.19973132930856,4.308972994118728,3.7451919682765515,4.013441213253752,3.2641047017588347,3.3116182220490034,3.198969504260769,4.075334508038044,3.885565652877878,3.8787960526349035,4.2078076453277635
cx5_219,cx5_219,0.310653867,-0.069362584,0.2,0.08,-0.034,0.0,0.08,-0.05,0.04,-0.02,0.04,-0.01,0.07,1.05,-0.034,-0.05,-0.05,0.04,-0.02,0.018,0.034,-0.06,0.034,-0.54,-0.05,-0.002,-0.02,0.034,0.018,-0.002,0.018,-0.43218895912187727,1.792575206252181,-1.1048899936926277,3.9665781114535332,3.7722975014589655,4.777205957417878,4.148063616271529,4.347034865166962,3.602375546501647,3.8268756460864823,3.2680787773946367,3.245858193346129,3.2813232691322862,4.148874453010226,3.940538835618055,3.7659016984939844,4.317169727811779
cx5_220,cx5_220,0.317088683,-0.064887172,0.2,0.08,-0.018,0.0,0.08,-0.05,0.04,0.04,-0.02,-0.01,0.075,1.048,-0.016,0.05,-0.05,0.02,-0.04,0.018,0.034,-0.06,0.034,0.4,-0.05,0.0,-0.02,0.034,0.018,0.05,-0.016,-0.9074700676344651,1.1899736447271945,-0.6283699178937542,3.616032195239048,3.428960256603785,4.361297251627846,4.0103421302073965,3.9812255488512833,3.805497607174735,3.997589586293408,3.2307470515042427,3.2891950104877448,3.125805292452368,4.053679846629315,3.8285324327218335,3.835699756226886,4.163955633642503
cx5_221,cx5_221,0.311166958,-0.064807291,0.2,0.14,-0.034,0.0,0.08,-0.05,0.04,-0.02,0.04,-0.01,0.07,1.05,-0.034,-0.05,-0.05,0.04,-0.02,0.02,0.034,-0.06,0.034,-0.56,-0.05,0.0,-0.022,0.034,0.018,0.0,0.018,-0.39661725383379376,1.7610266437083766,-1.1930464537965033,3.960921136385474,3.7747652740185966,4.767766397726838,4.1284166818196875,4.340459018280558,3.5784281190232217,3.786505259101603,3.273573906415951,3.238645264649689,3.3026331481848725,4.168749008986042,3.9552734515975634,3.7445894126806416,4.341976224178568
cx5_222,cx5_222,0.313042207,-0.069659987,0.2,0.08,-0.034,0.0,0.08,-0.05,0.04,-0.02,0.04,-0.01,0.07,1.05,-0.034,-0.05,-0.05,0.04,-0.02,0.02,0.034,-0.06,0.034,-0.54,-0.05,0.0,-0.02,0.034,0.018,0.0,0.018,-0.43425890558052904,1.8056664514046847,-1.1238783416439513,3.9708284914707495,3.7777748544176135,4.785112654936896,4.149981396476194,4.35387688396287,3.594767039470855,3.821692407934569,3.264850669339284,3.2393578673043426,3.2804878115169878,4.148074270140984,3.939564026749788,3.7603996989408195,4.318886315420921
cx5_223,cx5_223,0.310313587,-0.042290289,0.2,0.14,-0.034,0.0,0.08,-0.05,0.04,-0.02,0.04,-0.01,0.07,1.05,-0.034,-0.048,-0.044,0.04,-0.02,0.018,0.034,-0.06,0.034,-0.6,-0.05,-0.05,-0.02,0.018,0.034,0.0,0.018,,,,,,,,,,,,,,,,,
cx5_224,cx5_224,0.308131466,-0.065056959,0.2,0.08,-0.034,0.0,0.08,-0.05,0.04,0.04,0.04,-0.01,0.0744,1.05,-0.034,0.052,-0.05,0.04,0.04,0.016,0.034,-0.04,0.034,0.32,-0.05,0.002,-0.02,0.018,0.016,0.062,0.018,-1.1639981595983482,1.3992526346013268,-0.7075025640769596,3.632421614030911,3.454410327980744,4.4506245668032385,4.0649190076644715,4.053087269809757,3.749104914191404,4.026498218987798,3.1363290126392935,3.1746810875222873,3.014696310409607,3.962569501902782,3.7417771721732334,3.7846324457146836,4.101206787660949
cx5_225,cx5_225,0.311710505,-0.112429171,0.28,0.2,-0.006,0.048,0.16,-0.064,0.1,-0.08,0.06,-0.028,0.0728,1.1,-0.01,0.148,-0.046,0.1,-0.1,0.002,0.044,0.18,0.042,0.0,-0.07,0.022,-0.012,0.042,0.0,-0.024,0.048,0.9263925491551477,1.1653613145792754,-1.4521987019080522,4.053733870686754,3.8594195574689802,4.606990644582245,3.9222589986788727,4.230322001644701,3.601736546601784,3.448091154787269,3.664677844650535,3.618891236920288,3.871886224847276,4.628103279331055,4.388201646235852,3.823838418767666,4.742019083632635
cx5_226,cx5_226,0.313773323,-0.103958711,0.28,0.14,-0.002,0.05,0.2,-0.066,0.1,-0.08,0.1,-0.03,0.0732,1.1,-0.026,0.078,-0.038,0.1,-0.1,0.042,0.042,0.18,0.036,-0.34,-0.064,0.046,-0.004,0.046,0.0,0.006,0.036,,,,,,,,,,,,,,,,,
cx5_227,cx5_227,0.308923881,-0.111449466,0.3,0.08,-0.024,0.046,0.1,-0.064,0.1,-0.1,0.08,-0.03,0.072,1.1,-0.038,0.15,-0.008,0.1,-0.08,0.006,0.05,0.14,0.044,0.0,-0.09,-0.012,-0.032,0.038,0.0,-0.024,0.05,0.8851908166072845,1.11666465631831,-0.8872633296197641,4.037299240021923,3.794538056548973,4.549878216212753,3.971053952066298,4.176050184400228,3.7881996471292774,3.653875129378406,3.702449441153586,3.7457025630142304,3.8280771237003,4.582765949889988,4.364846578884539,3.9797338027339157,4.644291561155242
cx5_228,cx5_228,0.30684432,-0.07770292,0.28,0.2,-0.014,0.032,0.14,-0.022,0.08,-0.04,0.1,-0.03,0.065,1.098,-0.008,0.148,-0.03,0.08,-0.08,0.006,0.0,0.18,0.05,0.1,-0.05,-0.012,-0.05,0.05,0.006,0.002,0.044,0.5662344414217637,1.405688895648364,-0.9475044663117014,4.070107934333217,3.8336354748572283,4.675384749775011,4.052270588174078,4.277312233801116,3.7273227055300486,3.706895327703913,3.585491852857801,3.6091543251735763,3.685237615199036,4.463400483118106,4.2541191048101155,3.9275551840474305,4.558295559758103
cx5_229,cx5_229,0.30483095,-0.101433291,0.3,0.06,-0.002,0.004,0.2,-0.062,0.1,-0.08,0.08,-0.03,0.0698,1.1,-0.014,0.108,-0.016,0.1,-0.08,0.006,0.004,0.12,0.05,-0.22,-0.088,-0.028,-0.032,0.042,0.002,-0.01,0.032,0.7761980572826286,1.297172682189231,-0.9393464619362171,4.080428592104537,3.838745281625454,4.639878702882087,4.0207910965843485,4.25091394275988,3.7484504586604057,3.6695795450471476,3.6526987329585463,3.682652280323824,3.7739685341191858,4.534504992222659,4.322476302465779,3.954035915127066,4.614749203934225
cx5_230,cx5_230,0.317493028,-0.110026671,0.28,0.12,-0.002,0.004,0.2,-0.096,0.1,-0.06,0.08,-0.03,0.0656,1.1,-0.036,0.142,-0.016,0.02,-0.06,0.006,0.0,0.18,0.018,-0.3,-0.064,0.05,-0.042,0.038,0.002,0.0,0.038,0.33900957585561253,1.4400938447144167,-0.4457853580352392,4.0379762729240305,3.76354216988349,4.64489808499849,4.118500668161546,4.242830178592447,3.8783703866573824,3.9239172064745667,3.5604654861822604,3.659079126173733,3.567158021915639,4.360530496757929,4.172487243810253,4.043790099313307,4.420389584380255
cx5_231,cx5_231,0.310634798,-0.08926035,0.28,0.12,-0.002,0.004,0.18,-0.092,0.04,-0.06,0.08,-0.03,0.0654,1.1,-0.018,0.09,-0.016,0.02,-0.08,0.008,0.048,0.16,0.03,-0.34,-0.064,-0.05,-0.04,0.05,0.002,-0.03,0.05,0.7945497459410353,1.3428315218525722,-0.3110862941629272,4.118397526159119,3.814949627328685,4.6400106749207435,4.106748849955249,4.245729854312794,3.94720472225515,3.90084234561813,3.703174826219534,3.8309711863458316,3.7409545586298227,4.490249156417778,4.308772761890421,4.136645570016027,4.515226995818492
cx5_232,cx5_232,0.309968884,-0.102125692,0.26,0.14,-0.036,0.004,0.16,-0.072,0.1,-0.06,0.1,-0.03,0.0734,1.1,-0.002,0.128,-0.016,0.02,-0.1,0.01,0.016,0.16,0.032,-0.04,-0.046,0.05,-0.04,0.05,0.002,0.0,0.038,0.47087819522864005,1.5191311624084367,-0.9186632661831456,4.0918438930961,3.851549409480198,4.725968201143053,4.090343231543394,4.3182498503703775,3.721365562074893,3.742793041338824,3.551809461474199,3.5764117752036575,3.637498502000842,4.421233431203051,4.2180494744233545,3.9257365428720887,4.523323372751729
cx5_233,cx5_233,0.317276579,-0.103964406,0.28,0.2,-0.014,0.004,0.18,-0.094,0.1,0.02,0.08,-0.03,0.0776,1.098,-0.044,0.148,-0.014,0.1,-0.08,0.024,0.05,0.12,0.018,0.0,-0.066,-0.028,-0.032,0.044,0.002,-0.024,0.026,0.4000859181984181,1.240412007658831,0.3900351474266853,3.993740588258232,3.648212781387491,4.503855641373837,4.151659732026288,4.1167639301957255,4.171913531098523,4.1978107100809785,3.660800635780012,3.895376613598919,3.559796965866842,4.342756599713312,4.182002737588164,4.287568704747311,4.313500948450079
cx5_234,cx5_234,0.31114902,-0.098411281,0.28,0.1,-0.008,-0.008,0.18,-0.06,0.08,-0.06,0.1,-0.03,0.0698,1.092,0.0,0.14,-0.03,-0.02,-0.08,0.014,0.0,0.18,0.048,-0.46,-0.066,-0.014,-0.05,0.038,0.002,-0.004,0.016,0.6204732233008852,1.3590518099003557,-0.733445588017053,4.07041297712066,3.81371494119025,4.646479577841768,4.062453922547645,4.251849076255738,3.8032778840856216,3.7723430852078104,3.6212412149253503,3.6801476181225703,3.6976245922276885,4.469129698735524,4.2675631273708685,3.9947691563378305,4.53997753441988
cx5_235,cx5_235,0.307871248,-0.094814276,0.26,0.14,-0.034,0.004,0.08,-0.074,0.1,0.1,0.1,-0.03,0.0656,1.1,-0.036,0.128,-0.016,0.02,-0.1,0.008,0.022,0.12,0.046,-0.26,-0.066,0.05,-0.038,0.05,0.002,0.004,0.038,0.3908091411528717,0.9525951813142868,-0.8036246703193053,3.8477569728238468,3.6282565945722687,4.394243625712937,3.925634861946192,4.0342760963006725,3.8166899951493347,3.7327149091311176,3.5897831791512944,3.6429010441396916,3.6497170944494166,4.457813981322901,4.228665924882968,3.9409367480097113,4.521628287252672
cx5_236,cx5_236,0.307312987,-0.095856836,0.28,0.12,-0.002,-0.002,0.18,-0.076,0.1,-0.06,0.1,-0.03,0.0656,1.1,-0.036,0.078,-0.016,0.0,-0.06,0.006,0.0,0.16,0.02,-0.36,-0.064,-0.05,-0.04,0.05,0.002,0.0,0.05,0.3203658160659162,1.485085726604808,0.32533795810948185,4.069673055074973,3.721888541398192,4.633868075698668,4.220246892107545,4.226224120478699,4.122161585501287,4.212087420494495,3.612254593849187,3.830635956860838,3.511956525378192,4.295984368431296,4.144335182199437,4.262737611331828,4.288975308692275
cx5_237,cx5_237,0.305758432,-0.090875361,0.28,0.14,-0.002,0.004,0.2,-0.062,0.06,-0.04,0.1,-0.03,0.0656,1.1,-0.036,0.082,-0.024,0.0,-0.08,0.006,0.046,0.16,0.05,-0.36,-0.064,-0.05,-0.046,0.05,0.002,-0.008,0.05,0.8286988042117143,1.2226318307564448,-0.889470676301545,4.065206562048552,3.820080220010807,4.6023767216308284,4.003537272145096,4.219595194272463,3.774277918157143,3.6724112318258384,3.67751152903435,3.7175059600047278,3.797532732804938,4.554547167780061,4.3414401184916045,3.9736789691394514,4.624199948947755
cx5_238,cx5_238,0.308528947,-0.093603422,0.24,0.14,-0.036,0.01,0.16,-0.074,0.06,-0.06,0.1,-0.03,0.0654,1.1,-0.034,0.132,-0.024,0.02,-0.1,0.008,0.016,0.16,0.042,-0.02,-0.064,-0.056,-0.01,0.05,0.002,0.0,0.038,0.5384845696664553,1.3964518846305083,-0.5898692926295646,4.067908798775822,3.799784619616319,4.651104241417174,4.089902183734976,4.253001616048537,3.842994222477246,3.839783015458463,3.6070240829774405,3.6865914853094477,3.654994486102281,4.431676377170076,4.237435626324488,4.026343701476274,4.494645792883081
cx5_239,cx5_239,0.330210971,-0.097939165,0.28,0.12,-0.024,0.046,0.2,-0.054,0.08,-0.08,-0.1,-0.03,0.0718,0.95,-0.018,0.136,-0.058,0.02,-0.1,0.004,0.024,0.0,0.036,-0.32,-0.062,0.034,0.05,0.04,0.002,-0.022,0.036,0.7469795959569492,1.2919541713703975,-1.7064603085323702,4.05252970224491,3.884098480940764,4.667155627554677,3.931592784376041,4.28040356880906,3.5001273832072304,3.3937168857349116,3.5847101225601823,3.494075953087095,3.8073002004868886,4.5806514088215255,4.333913426795054,3.7309412521112963,4.731390018476679
cx5_240,cx5_240,0.331132102,-0.109225148,0.28,0.2,-0.014,0.05,0.14,-0.066,0.08,-0.1,-0.1,-0.03,0.0732,1.098,-0.022,0.15,-0.042,0.08,-0.1,0.032,0.05,0.16,0.032,-0.1,-0.062,0.034,0.05,0.034,0.004,0.026,0.036,0.7960389021212244,1.104300096272068,-1.1215426252835088,4.004031717542608,3.787906011138166,4.542418331436131,3.9398558133663304,4.1702035280874155,3.7108972926815955,3.5792350182917794,3.6609151980402967,3.6664896405182072,3.8087127326080705,4.575655423699921,4.345552099845058,3.901642754935643,4.661178424294027
cx5_241,cx5_241,0.308493454,-0.094154891,0.28,0.14,-0.006,-0.006,0.0,-0.052,0.1,-0.08,0.1,-0.03,0.0764,1.098,-0.016,0.15,-0.102,0.1,-0.1,0.02,0.014,0.1,0.03,-0.14,-0.058,0.034,-0.028,0.036,0.004,-0.014,0.022,0.7896826320745034,0.9611772531802885,-0.26903657442826234,3.9656200267699147,3.677205798822645,4.4240727874717996,3.9921137630816945,4.062025973671638,4.0015664777677316,3.874543574919338,3.739251361890676,3.881353057287094,3.769861334123709,4.531123662039628,4.331201210087917,4.142743070144451,4.531667096929335
cx5_242,cx5_242,0.312081,-0.100385,0.28,0.16,0.0,0.016,0.0,-0.02,0.1,-0.08,0.1,-0.028,0.065,1.094,-0.008,0.148,-0.102,-0.02,-0.08,0.02,0.05,0.14,0.046,-0.1,-0.058,0.03,-0.036,0.036,0.004,-0.034,0.016,1.1282007354431354,0.7255826214250938,-0.7406010656689892,3.94641712695518,3.6978424931574683,4.354234609671825,3.867196800348421,4.0131214442650975,3.885473831560261,3.631235842707085,3.814767583875787,3.892230749164031,3.9459779473426306,4.686883082461462,4.4577896660809735,4.045924887250797,4.7045205656257005
cx5_243,cx5_243,0.314837,-0.0622952,0.3,0.04,-0.02,0.032,0.14,-0.066,0.1,0.04,0.04,-0.026,0.065,0.968,-0.02,0.118,0.042,-0.04,-0.02,0.02,0.006,0.2,0.034,-0.36,-0.056,-0.07,-0.028,0.014,0.002,-0.02,0.018,0.04127554860036775,1.6750263739262543,0.233410235287603,4.07227790863328,3.736748596620652,4.7101943882802795,4.267152249584813,4.286759382280657,4.062971043482278,4.23723530523325,3.512441873207613,3.7088137640221293,3.3946899210769974,4.201737749717777,4.0525647019779685,4.2049817312043904,4.224057395060625
cx5_244,cx5_244,0.309486,-0.0763304,0.28,0.16,-0.05,0.004,0.18,-0.096,0.02,-0.06,0.08,-0.018,0.0652,1.098,-0.01,0.128,-0.016,0.04,-0.08,0.014,0.042,0.18,0.044,-0.34,-0.056,0.05,-0.042,0.018,0.002,-0.032,0.05,0.348267960626236,1.9565035530968284,-1.799229355109883,4.214332479968032,4.04050789596136,4.994452458947757,4.125991932897631,4.551745694133604,3.385861290011567,3.487216539980912,3.4100525381686624,3.2860117198662664,3.603391356273169,4.396760272920553,4.17613642173661,3.664959749027242,4.607326475051088
cx5_245,cx5_245,0.31614,-0.0867687,0.28,0.12,-0.022,0.004,0.2,-0.096,0.0,-0.06,0.08,-0.02,0.0654,1.1,-0.01,0.15,-0.068,0.04,-0.08,0.012,0.04,0.2,0.026,-0.34,-0.036,0.05,-0.042,0.042,0.012,-0.032,0.03,0.2875460314598033,1.9646868283918657,-1.0551650885414552,4.2199477781527905,3.9790655295362827,4.958900841952463,4.212834519633435,4.513811294939744,3.6234811362201698,3.7671273103984872,3.4515947020218283,3.4432666423641622,3.536953777173307,4.326676795794661,4.138761447386752,3.870508375552249,4.472428474986206
cx5_246,cx5_246,0.307767,-0.0889104,0.2,0.1,-0.036,0.032,0.18,-0.014,0.1,0.1,0.08,-0.018,0.065,1.048,-0.042,0.124,-0.014,0.08,-0.1,0.012,0.0,0.16,0.05,0.4,-0.056,0.05,-0.042,0.042,0.002,-0.02,0.042,-0.8763534072285153,1.9645664328855528,-1.7649011681031332,3.9063455185984495,3.7859362740039386,4.848394341012057,4.123457366956936,4.405308762679532,3.3561188830754656,3.6654871017691306,3.080321412999049,2.945164146047393,3.1354706220386825,4.050279903647551,3.816159749428749,3.5252042854667316,4.30480281359638
cx5_247,cx5_247,0.305925,-0.0792702,0.16,0.2,-0.036,0.026,0.2,-0.098,0.06,-0.06,0.08,-0.03,0.065,1.1,-0.04,0.108,-0.02,0.1,-0.08,0.014,0.0,0.08,0.04,-0.44,-0.06,-0.01,-0.038,0.05,0.002,-0.012,0.04,0.3158441241212204,1.6560582577421439,-1.3079494952061983,4.097748822634695,3.8943041513121557,4.800822440450598,4.087712841368726,4.3824477157126545,3.5758042780025487,3.6371335987572553,3.466866658422584,3.425560537259532,3.589017285144847,4.388843517969884,4.173683333665558,3.7973369338840213,4.539653515730512
cx5_248,cx5_248,0.301635,-0.0839486,0.28,0.1,-0.03,0.004,0.1,-0.064,0.08,-0.08,0.08,-0.03,0.0766,0.986,-0.016,0.15,-0.034,0.1,-0.08,0.006,0.0,0.08,0.05,-0.14,-0.088,-0.1,-0.042,0.03,0.0,-0.04,0.05,0.779155376680511,1.291014186783535,-0.6934347714659952,4.084608879604092,3.8201261494503234,4.625973670313085,4.046888460827283,4.2369649726609016,3.8286854128397176,3.7580079007484715,3.673456809099576,3.7421409069049973,3.7615291138009606,4.518843322934834,4.317444889788608,4.024659872421328,4.576306569586099
cx5_249,cx5_249,0.311516,-0.0890455,0.28,0.06,-0.006,0.0,0.2,0.028,0.08,-0.06,0.08,-0.03,0.0678,1.054,0.0,0.148,-0.04,0.08,-0.1,0.016,0.044,0.18,0.048,-0.36,-0.05,-0.026,-0.05,0.05,0.002,-0.03,0.03,0.7908277415065448,1.322050914372614,-0.7812372091348856,4.097885718903973,3.8395353504248586,4.6486194316798946,4.046684568192413,4.257179654484553,3.797360393597833,3.727914083536408,3.6669181311736616,3.7213557916711153,3.7683001823764997,4.524587582476691,4.321084431426006,4.001402745709666,4.591271760221001
cx5_250,cx5_250,0.304577,-0.0646899,0.3,0.0,-0.042,0.01,0.06,-0.072,0.1,-0.1,0.08,-0.022,0.0784,0.978,-0.046,0.118,-0.038,0.1,-0.1,0.014,0.046,0.18,0.048,-0.2,0.024,-0.1,-0.05,0.018,0.004,-0.018,0.05,0.322589872264028,1.6002622833078028,0.35756825317515584,4.117046655021036,3.7604952907888087,4.697149805991625,4.259962378052699,4.279674807627568,4.120298883076762,4.236272557105253,3.6051169680780366,3.82623600773186,3.5009446211832396,4.280715348134495,4.136637071245545,4.273840235624878,4.276971936237053
cx5_251,cx5_251,0.307418,-0.0948848,0.28,0.2,-0.03,0.004,0.1,-0.064,0.08,-0.04,0.08,-0.03,0.076,1.1,0.0,0.094,-0.05,0.1,-0.08,0.006,0.0,0.12,0.034,-0.22,-0.082,-0.074,-0.042,0.048,0.002,-0.04,0.034,0.6506890538771966,1.279507995220868,0.035370255524977155,4.0647279089195525,3.73873303562683,4.571833582124036,4.125338303720909,4.182166177850927,4.061273877057336,4.039305448562883,3.6972023995312195,3.8787036682263523,3.6719402946019297,4.433178249937441,4.261911350690807,4.217287353242441,4.428719412366176
cx5_252,cx5_252,0.299878,-0.092714,0.0,0.2,0.0,0.036,0.1,-0.064,0.1,-0.1,0.1,-0.024,0.0686,0.95,-0.038,0.104,-0.022,0.08,-0.08,0.028,0.016,0.2,0.042,0.0,-0.072,-0.012,-0.032,0.038,0.0,-0.02,0.05,0.4939453503742005,1.5521095337472097,-2.43867387042432,4.074506441784632,3.9734626954032315,4.814103325438808,3.9277432758118596,4.40707462370106,3.22731862658192,3.190076126187149,3.4351553412819906,3.2210145324466666,3.730538497553106,4.530227284581839,4.26158799144708,3.4941838836406203,4.771277357769252
cx5_253,cx5_253,0.318268,-0.10044,0.28,0.04,-0.028,-0.002,0.2,-0.07,0.1,-0.08,0.08,-0.03,0.0704,1.1,-0.02,0.15,-0.018,0.06,-0.08,0.01,0.04,0.2,0.028,-0.46,-0.058,0.042,-0.036,0.03,0.0,-0.04,0.02,0.5844860800008199,1.4198335933108641,-0.4449038552782286,4.092446544928592,3.807495545917398,4.6634046476913324,4.114060500656384,4.262974142696087,3.8888406051548587,3.8889437844176338,3.628837671630186,3.7312768524806925,3.662128348473554,4.431646452921589,4.245663930183446,4.073764177723664,4.480973268062444
cx5_254,cx5_254,0.298051,-0.0861987,0.02,0.12,-0.014,0.03,0.08,-0.076,0.1,-0.08,0.1,-0.022,0.0738,1.1,-0.04,0.15,-0.048,0.1,-0.08,0.032,0.05,0.18,0.044,-0.1,-0.072,-0.012,-0.032,0.038,0.0,-0.024,0.05,-0.2200305816512167,1.3459909551251457,-1.7802382704017667,3.825968515513347,3.706797224061625,4.582927491362342,3.933015493967949,4.192069951743009,3.438923538975985,3.5030441578635614,3.3121231791797427,3.1959183119706913,3.4394523218140676,4.308477340267225,4.049131863486998,3.5923909242552927,4.505685999667233
cx5_255,cx5_255,0.291151,-0.0682882,0.04,0.06,-0.002,0.004,0.08,-0.034,0.1,-0.1,0.1,-0.02,0.065,0.95,-0.05,0.15,0.022,0.08,-0.08,0.006,0.0,0.12,0.05,-0.22,-0.084,-0.1,-0.032,0.036,0.0,0.02,0.046,0.2810305144847711,1.721209147001023,-1.5326411126123818,4.1095385088607355,3.925499157743338,4.842916353053489,4.082252383936196,4.41954969341558,3.4950611780730068,3.5672502558330876,3.4338869561084886,3.355551327609626,3.583010908577267,4.387109719410887,4.164990032697085,3.729714501560405,4.563201891532421
cx5_256,cx5_256,0.300474,-0.0697111,0.0,0.06,-0.028,0.042,0.12,-0.066,0.1,0.0,0.08,-0.03,0.0774,1.068,-0.02,0.11,-0.014,0.1,-0.08,0.006,0.0,0.18,0.05,-0.22,-0.088,-0.1,-0.042,0.036,0.0,0.036,0.05,0.41239504597575327,1.2883881022966612,-1.0298711921584727,3.9820534430666856,3.766193019634897,4.594666442805188,4.005071512138745,4.206767454725169,3.7082604394220002,3.6846394762090675,3.5477934822635957,3.558876338458967,3.6417075055955532,4.4399511261266085,4.218847189714507,3.8835478710261593,4.541791629758906
cx5_257,cx5_257,0.304437078,-0.090734318,0.02,0.12,-0.014,0.03,0.14,-0.076,0.1,-0.08,0.1,-0.022,0.0738,1.04,-0.024,0.15,-0.048,0.1,-0.08,0.02,0.05,0.18,0.044,-0.12,-0.072,-0.012,-0.032,0.038,0.0,-0.024,0.05,0.19099742053555524,1.6048417388380276,-2.1040754247346687,4.026404277293341,3.905631112992408,4.792005199905219,3.9801218502211015,4.3798360885000545,3.319916235533766,3.358493072068133,3.374792035177554,3.208009838298083,3.5916789398982507,4.415673246120487,4.1608683301585145,3.553610615604375,4.64074703141733
cx5_258,cx5_258,0.308887,-0.111548,0.28,0.18,0.0,0.02,0.1,-0.054,0.1,-0.08,0.1,-0.026,0.0686,1.09,-0.018,0.15,-0.102,-0.02,-0.1,0.032,0.038,0.14,0.046,-0.08,-0.058,0.034,-0.032,0.036,0.0,-0.034,0.044,0.8422427451160742,1.2773578602454876,-1.4076528109590412,4.078123413281271,3.87806972823255,4.657438392572822,3.961749749557616,4.271206811156346,3.601375946105925,3.4880362436739656,3.6353994915654098,3.5931945896279562,3.8276298921130523,4.588147590468451,4.355105401179457,3.8278620346826635,4.707326476324817
cx5_259,cx5_259,0.294176,-0.0791768,0.0,0.14,0.0,0.04,0.12,-0.064,0.1,-0.1,0.1,-0.024,0.0676,0.95,-0.038,0.104,-0.022,0.08,-0.08,0.028,0.016,0.2,0.042,0.0,-0.07,-0.012,-0.032,0.038,0.0,-0.006,0.05,0.4322536059084199,1.6299944443499008,-2.399241572478073,4.090861665325093,3.985184849316725,4.848427748249815,3.9561454809659335,4.434730343584862,3.229696654565747,3.2213590958181983,3.414602466290134,3.2042359724154137,3.6980718556265564,4.50096045185731,4.237426759092966,3.4990127469828103,4.7450236205410805
cx5_260,cx5_260,0.327364,-0.123371,0.28,0.18,-0.006,0.05,0.14,-0.046,0.08,-0.1,-0.06,-0.03,0.0732,1.098,-0.018,0.148,-0.042,-0.04,-0.1,0.024,0.044,0.16,0.032,-0.1,-0.062,0.034,0.042,0.034,0.004,-0.034,0.024,0.8679685364142747,1.0350134633207286,-1.053885794347133,3.996285968626846,3.773894288030509,4.509438014756226,3.926412581963498,4.142914464747027,3.742542222478201,3.5865046430504015,3.691924947573838,3.7104809468717277,3.8381822651865933,4.599274206062712,4.369405992938129,3.9288207928210235,4.672137468640466
cx5_261,cx5_261,0.307567,-0.104355,0.28,0.18,0.0,-0.006,0.0,-0.064,0.1,-0.08,0.1,-0.028,0.0764,1.1,-0.048,0.15,-0.11,-0.02,-0.1,0.02,0.044,0.14,0.038,-0.06,-0.058,0.008,-0.034,0.038,0.004,-0.018,0.016,0.8354555061851998,0.6342835429147069,-0.31284947618386705,3.8455769343027564,3.5751688073830588,4.248709339346172,3.8852021656930704,3.9144392208888084,4.023957839803329,3.8162373381297434,3.7773794905086797,3.919880763190264,3.818170700495783,4.585716213125236,4.3670795646121086,4.131233224394166,4.5706790812144105
cx5_262,cx5_262,0.309803,-0.112002,0.28,0.18,0.0,-0.006,0.06,-0.03,0.1,-0.08,0.1,-0.024,0.0764,1.098,-0.02,0.148,-0.102,-0.02,-0.1,0.02,0.044,0.14,0.05,-0.14,-0.058,0.034,-0.018,0.036,0.002,-0.034,0.016,1.0766300140046519,0.8123790879867379,-1.266790411235619,3.955369437635332,3.7540726516751057,4.419663016758811,3.8340529260503646,4.072421936925352,3.704419190622591,3.4562644438373717,3.7515221918029895,3.7440082881276133,3.9490091342626426,4.699003256036693,4.450499489675147,3.8903066356569935,4.771121564421525
cx5_263,cx5_263,0.300391,-0.0968735,0.0,0.14,0.0,0.034,0.08,-0.058,0.1,-0.1,0.1,-0.024,0.0738,1.088,-0.04,0.15,-0.022,0.08,-0.08,0.028,0.006,0.2,0.042,0.0,-0.072,-0.012,-0.032,0.038,0.0,-0.02,0.05,-0.014541690329951784,1.4233170071748784,-1.8866903707201077,3.9066844244511962,3.7840910649041173,4.655878712780236,3.946586982010991,4.258651241598313,3.402933036568711,3.4451921981557247,3.3524799156359233,3.2207461562311606,3.516903738693774,4.364352203715875,4.106975117429791,3.5881366095585743,4.567617618913377
cx5_264,cx5_264,0.307507,-0.089017,0.28,0.2,-0.008,0.01,0.18,-0.084,0.06,-0.06,0.1,-0.03,0.0766,1.096,0.0,0.14,-0.04,0.1,-0.08,0.01,0.044,0.18,0.048,-0.2,-0.05,-0.014,-0.05,0.05,0.002,-0.012,0.032,0.8687672917399665,1.2812797728495884,-1.035242439805225,4.095366620600367,3.8591085973499673,4.646474969086014,4.005577493021617,4.259047714033249,3.7221830987669504,3.6204514542146664,3.6716244899163244,3.6880975643536593,3.816015826057746,4.569037998890341,4.353075456401093,3.93769543784868,4.653599765574081
cx5_265,cx5_265,0.304542,-0.0778627,0.3,0.2,-0.03,0.02,0.12,-0.064,0.08,-0.02,0.08,-0.03,0.08,1.006,-0.03,0.106,-0.05,0.1,-0.1,0.006,0.0,0.08,0.03,-0.22,-0.064,-0.1,-0.042,0.036,0.002,-0.014,0.05,0.4979620478190008,1.5087921730365839,0.1847871602644888,4.12103413873446,3.776942410189691,4.6749300754387395,4.21295823198452,4.2655452043243764,4.079990445946194,4.139642310029507,3.6471523229193887,3.845377551057069,3.585425643152337,4.352779593555327,4.198387537201893,4.2445694153735545,4.353063792687151
cx5_266,cx5_266,0.323952,-0.107526,0.28,0.18,-0.022,-0.006,0.18,-0.054,0.08,-0.06,-0.1,-0.03,0.0766,1.096,-0.018,0.14,-0.038,0.1,-0.1,0.022,0.024,0.14,0.032,-0.12,-0.064,0.0,0.05,0.034,0.002,0.008,0.036,0.6515796944048948,1.2196223453524428,-0.71380657876067,4.023080237810391,3.7699439767395733,4.571405599537554,4.021302156949617,4.1885310172598755,3.8255935177025435,3.759864577617139,3.6436662033276326,3.708908178125244,3.7204332220038236,4.492976668401388,4.285275970437545,4.002239852862346,4.553257202974323
cx5_267,cx5_267,0.329877,-0.0982868,0.28,0.2,-0.024,-0.006,0.18,-0.054,0.08,-0.08,-0.1,-0.03,0.066,1.096,-0.016,0.138,-0.038,0.06,-0.1,0.044,0.038,0.1,0.032,-0.38,-0.056,0.04,-0.02,0.036,0.002,-0.036,0.044,0.5218037045820259,1.494614574231786,-0.9501444840296807,4.094266737458525,3.855744461566679,4.719837442863992,4.079462084643585,4.314252198071705,3.715482431280393,3.721763055102266,3.5653084705344353,3.5861524870003683,3.6607812314838606,4.44060888085034,4.235368483280674,3.9226125560065745,4.5422823177640845
cx5_268,cx5_268,0.311393,-0.0799834,0.3,0.06,-0.038,0.028,0.18,-0.034,0.1,0.1,0.04,-0.028,0.08,1.02,-0.05,0.14,-0.012,0.08,-0.1,0.002,0.036,0.16,0.05,0.18,-0.06,-0.1,-0.04,0.032,0.002,-0.024,0.05,0.5441195835443415,1.2916306110897793,0.09383566969372462,4.043819423563912,3.7167315503260747,4.563071080190938,4.1350077459313885,4.172275873610144,4.0753911503093105,4.076276847931841,3.6718669626977616,3.86086863521671,3.627047647020636,4.3977899020629385,4.228418069945293,4.22115596627102,4.392740454637981
cx5_269,cx5_269,0.30117,-0.0674045,0.28,0.2,-0.03,0.024,0.1,-0.078,0.08,0.1,0.08,-0.028,0.08,1.006,-0.026,0.114,0.008,0.1,-0.08,0.006,0.004,0.14,0.05,-0.22,-0.074,-0.1,-0.04,0.05,0.002,-0.04,0.05,0.42115514317220826,1.3681792961982744,-0.29602633454074545,4.033749078790291,3.745035387175523,4.608078740482948,4.1136592275250345,4.211732966576287,3.9371657965656714,3.9594044363796144,3.600956556983203,3.7256174221002913,3.596030186872662,4.381573751767867,4.1974007951973915,4.095667295860885,4.420784655312807
cx5_270,cx5_270,0.310442,-0.0941198,0.28,0.18,0.0,-0.006,0.0,-0.044,0.1,-0.08,0.1,-0.026,0.0764,1.1,-0.018,0.148,-0.102,0.06,-0.08,0.022,0.044,0.16,0.046,-0.02,-0.062,0.034,-0.032,0.038,0.004,-0.038,0.016,1.0901940373135515,0.6298976392408537,-0.891299467130333,3.894880118540753,3.6668445026510694,4.302713503909439,3.819826551613679,3.9700635239478497,3.8457896462300734,3.570905979385174,3.801122827850001,3.8563948641256482,3.9484934156142018,4.69811419561506,4.456772172664099,3.996830542295358,4.725669791914978
cx5_271,cx5_271,0.307711,-0.0858657,0.16,0.0,-0.006,0.01,0.18,-0.032,0.08,0.1,0.1,-0.03,0.0758,1.096,0.0,0.142,-0.04,0.1,-0.1,0.012,0.046,0.18,0.05,-0.2,-0.052,-0.014,-0.05,0.05,0.002,-0.026,0.03,0.3602109078294945,1.305091945200985,-0.8807417578044721,3.979004254278647,3.7508273488426913,4.591097148187879,4.026896200815128,4.201457092842835,3.7529639307331406,3.747796157137191,3.5439358074866485,3.5773697809772287,3.61188076694528,4.4129099258015385,4.198656166274926,3.9200646930229412,4.504104721781442
cx5_272,cx5_272,0.312934,-0.0953876,0.28,0.04,-0.036,0.004,0.2,-0.078,0.1,-0.08,0.08,-0.026,0.0704,1.1,-0.036,0.15,-0.026,0.08,-0.08,0.01,0.04,0.14,0.044,-0.46,-0.06,0.026,-0.05,0.042,0.0,-0.026,0.05,0.5505506905987834,1.6015097034199197,-1.1622186177567506,4.139238532104585,3.913934966814234,4.7924641397712175,4.088962014810493,4.378302050837905,3.6364150930669963,3.652536746205787,3.5468143836659083,3.532605033901152,3.6745714521919037,4.450858435150911,4.242235720062296,3.866952541578945,4.576522876217349
cx5_273,cx5_273,0.310822455,-0.106379035,0.28,0.18,0.0,-0.006,0.0,-0.03,0.1,-0.08,0.1,-0.026,0.0764,1.098,-0.02,0.148,-0.102,-0.04,-0.1,0.02,0.044,0.14,0.042,-0.14,-0.058,0.034,-0.018,0.036,0.004,-0.034,0.016,1.0955451293930867,0.6096708349313342,-0.8041771297114979,3.890245186615189,3.6548175151797415,4.288216733637947,3.8234591541516294,3.957078387433498,3.8762912129048033,3.599657169345461,3.8112539014414466,3.8806725618196145,3.9472893980635186,4.695907550588761,4.457428406616702,4.0221250913949085,4.714244873105466
cx5_274,cx5_274,0.322592,-0.125181,0.28,0.2,-0.034,0.05,0.14,-0.066,0.08,-0.08,0.0,-0.03,0.0732,1.098,-0.022,0.15,-0.042,-0.04,-0.1,0.012,0.044,0.16,0.036,-0.1,-0.064,0.034,0.05,0.032,0.002,-0.036,0.026,0.832856774384755,1.0314486675583137,-1.1655203217437937,3.9832416757340745,3.773084525808322,4.508082016435547,3.9123284672781224,4.1421277583843885,3.7056984919478406,3.5502039447265883,3.673922202778683,3.674575133928062,3.8315525852528225,4.597675323973051,4.362217872724001,3.892543566990269,4.68181958102571
cx5_275,cx5_275,0.307455,-0.101984,0.3,0.18,0.0,0.04,0.12,-0.064,0.1,-0.1,0.1,-0.024,0.0676,0.95,-0.038,0.134,-0.016,0.04,-0.1,0.028,0.016,0.18,0.042,0.0,-0.07,0.05,-0.032,0.038,0.0,-0.006,0.042,0.752507411975526,1.4637033565913544,-2.0157947456286607,4.1151780846527375,3.9669456959649714,4.777514539301562,3.950135009792034,4.3769226002164645,3.381912668693514,3.2993965231272115,3.54646026158999,3.403888619515286,3.812209094104119,4.58352784932099,4.3322371636029064,3.6455264781122496,4.771509139576142
cx5_276,cx5_276,0.307741,-0.10168,0.28,0.18,0.0,-0.006,0.0,-0.044,0.1,-0.08,0.1,-0.028,0.0764,1.098,-0.018,0.148,-0.102,-0.02,-0.1,0.02,0.044,0.14,0.036,-0.14,-0.058,0.036,-0.018,0.036,0.004,-0.034,0.016,1.0418288112881693,0.64622125465322,-0.5742680412769198,3.8966723632703633,3.6404818970250044,4.2920087576223995,3.8606794127401396,3.95726317264833,3.944924014422378,3.6946203760990652,3.8115842360295513,3.915597669455251,3.9105247469571642,4.660431098808335,4.433422961958442,4.0818409999878495,4.66192666246723
cx5_277,cx5_277,0.320338,-0.105624,0.28,0.18,0.0,0.016,0.1,-0.068,0.1,-0.08,-0.06,-0.028,0.0714,1.09,-0.018,0.15,-0.128,0.04,-0.1,0.032,0.038,0.2,0.034,-0.08,-0.058,0.034,-0.032,0.046,0.0,-0.024,0.048,,,,,,,,,,,,,,,,,
cx5_278,cx5_278,0.312714,-0.117751,0.28,0.18,0.0,0.012,0.06,-0.054,0.1,-0.08,0.1,-0.026,0.0686,1.094,-0.018,0.15,-0.076,-0.02,-0.1,0.032,0.038,0.14,0.038,0.02,-0.058,0.034,-0.032,0.036,0.002,-0.034,0.044,0.8624355162947245,1.1615211265544616,-1.0219897405939955,4.046204029213473,3.814881673690758,4.578128837462707,3.9695777714586478,4.200817606252499,3.739103100548525,3.612867195984917,3.6816480295748164,3.702554955371278,3.82325779591255,4.580513716329646,4.358704982976752,3.939038081028933,4.6575859477051855
cx5_279,cx5_279,0.315722,-0.106553,0.28,0.12,0.0,-0.006,0.2,-0.078,0.1,-0.08,0.1,-0.024,0.0764,1.098,-0.02,0.148,-0.102,0.08,-0.1,0.022,0.046,0.14,0.034,-0.14,-0.058,0.034,-0.042,0.032,0.0,-0.032,0.018,0.5411491878424991,1.517000389945851,-0.9558310516376007,4.108007209251703,3.8680164371173524,4.734964837966724,4.085958831984644,4.327490350621238,3.711875245907293,3.7195672747053767,3.5681011755639713,3.587855359213563,3.6665115062909566,4.443777233728976,4.239716233051235,3.9236634636535106,4.546450480427241
cx5_280,cx5_280,0.316394,-0.101288,0.28,0.18,0.0,0.028,0.1,-0.054,0.1,0.1,0.1,-0.026,0.0682,1.06,-0.036,0.15,-0.094,-0.02,-0.1,0.014,0.038,0.1,0.046,0.0,-0.058,0.034,-0.022,0.036,0.0,-0.024,0.042,0.27844466872759965,1.050358825345178,-1.00067957509321,3.853483635560053,3.6528176173636084,4.443925628450237,3.9329554566688665,4.07616440597364,3.738850154754762,3.6869435062321254,3.5350660225002186,3.553789638040324,3.609829448968689,4.42855540151641,4.194427301445005,3.872197223303429,4.519872707085227
cx5_281,cx5_281,0.324144,-0.109221,0.28,0.16,-0.016,-0.006,0.2,-0.062,0.08,-0.1,-0.08,-0.03,0.0798,1.098,-0.014,0.138,-0.022,0.08,-0.1,0.028,0.0,0.08,0.05,-0.38,-0.07,0.05,0.004,0.042,0.002,-0.034,0.024,0.7429958888427426,1.2890251659283152,-1.7940937020439738,4.048245608239448,3.888327124158338,4.668888085423566,3.9206684825596114,4.28258661343836,3.4719886072406285,3.3620315909161294,3.576976598562854,3.4726056679542423,3.811065296761106,4.5860182920233505,4.335183260382044,3.705343844135708,4.744707475477558
cx5_282,cx5_282,0.302003,-0.0815545,0.28,0.2,-0.026,0.004,0.1,-0.064,0.08,-0.08,0.08,-0.03,0.0766,1.006,-0.016,0.094,-0.038,0.1,-0.08,0.042,0.0,0.08,0.03,-0.36,-0.064,-0.1,-0.044,0.034,0.0,-0.04,0.05,0.45881992900808966,1.5692911979129995,0.11527135362722171,4.133577244398689,3.79482988953038,4.707067265158173,4.223680917978672,4.292729532903111,4.0497573289445805,4.126308509675189,3.625661821826416,3.811230358921538,3.569282816508008,4.339517925143355,4.18475552114623,4.2207443950702785,4.350903162179881
cx5_283,cx5_283,0.300677,-0.0801641,0.16,0.14,-0.03,-0.002,0.08,-0.062,0.08,-0.08,0.08,-0.028,0.069,1.006,-0.016,0.094,-0.054,0.1,-0.08,0.006,0.0,0.16,0.036,-0.22,-0.082,-0.072,-0.034,0.036,0.002,-0.042,0.05,0.5019853506347096,1.5700154522654195,-0.7505095388637673,4.124134383472942,3.864191158745537,4.75082022483741,4.125636232223689,4.3383957261344825,3.7712706754171674,3.8054446891457476,3.568962932969976,3.6193145660075876,3.6352543555542276,4.4121506828741115,4.2195261234059345,3.9783545602375114,4.500558298803112
cx5_284,cx5_284,0.307813,-0.0965002,0.28,0.2,-0.006,0.008,0.18,-0.084,0.08,-0.08,0.08,-0.03,0.077,1.096,0.0,0.14,-0.04,0.1,-0.1,0.006,0.0,0.18,0.028,-0.22,-0.072,0.0,-0.048,0.05,0.0,-0.022,0.05,0.7031519708135692,1.448127215310441,-0.8256259448767542,4.124874910370331,3.8685632203092224,4.710427213876675,4.080426814244801,4.308437157362692,3.7666313094124706,3.737521952883093,3.628408908145973,3.672147018664956,3.7265793502039184,4.488204541033983,4.288314320194359,3.9797504988358026,4.569130129048996
cx5_285,cx5_285,0.314825,-0.0983701,0.28,0.16,-0.016,0.002,0.0,-0.054,0.08,-0.08,-0.08,-0.03,0.072,1.1,-0.014,0.138,-0.014,0.08,-0.1,0.004,0.022,0.1,0.05,-0.38,-0.054,0.034,-0.05,0.042,0.002,-0.036,0.024,0.960516782859926,0.8172949655648374,-0.8817004597684953,3.9369696505834693,3.7048767075010764,4.391336183665437,3.8785911478850488,4.042830727876523,3.8245619556743278,3.6126096290599437,3.750021973058979,3.8012515886407616,3.882391539222777,4.638922990268737,4.406315288859224,3.9863462422993754,4.680758634535607
cx5_286,cx5_286,0.315476,-0.0976447,0.28,0.04,-0.01,-0.002,0.2,-0.07,0.1,-0.08,0.1,-0.026,0.0688,1.1,-0.02,0.15,-0.018,0.06,-0.08,0.01,0.04,0.2,0.03,-0.18,-0.058,0.032,-0.036,0.038,0.0,-0.04,0.02,0.5134836373078204,1.532078440854793,-0.6109159759235245,4.1152435207648015,3.843591422654497,4.724855982174326,4.1297487444282615,4.315320895904654,3.8208307620766155,3.850506014389801,3.5864813917846976,3.6596513849438947,3.634916625015605,4.410088876649637,4.221794969965489,4.019163425554899,4.483313661099149
cx5_287,cx5_287,0.313772,-0.115627,0.28,0.04,-0.03,0.006,0.12,-0.07,0.1,-0.06,0.08,-0.026,0.0704,1.1,-0.042,0.15,-0.044,0.06,-0.08,0.002,0.042,0.14,0.034,0.18,-0.074,0.026,-0.05,0.03,0.002,-0.04,0.026,0.5755741730918158,1.2046128377873178,-0.44695893309577894,4.004104540748389,3.7303246599164552,4.542017019016157,4.046436670404759,4.1598248685077035,3.9109667332008433,3.865564823131894,3.6454776710656005,3.7518605301980976,3.6775635468943824,4.45477254609459,4.257165994041647,4.0690774176270255,4.4928953828467115
cx5_288,cx5_288,0.303788,-0.0922952,0.0,0.14,-0.006,0.03,0.1,-0.064,0.1,-0.08,0.1,-0.02,0.0738,1.1,-0.038,0.15,0.014,0.1,-0.08,0.032,0.05,0.18,0.044,0.0,-0.072,-0.052,-0.032,0.038,0.0,-0.024,0.05,,,,,,,,,,,,,,,,,
cx5_289,cx5_289,0.323665411,-0.109796583,0.28,0.2,-0.006,0.05,0.14,-0.066,0.08,-0.1,-0.06,-0.03,0.0742,1.098,-0.022,0.15,-0.042,0.02,-0.08,0.03,0.046,0.2,0.034,-0.1,-0.06,0.034,-0.05,0.036,0.002,-0.038,0.024,0.7368253310247802,1.1793079503645565,-0.8639545208024151,4.025092103474793,3.7839870779557083,4.56583626181422,3.9922177744398155,4.186694740368415,3.7841720963356305,3.689271444420945,3.658507152641455,3.7021603376077796,3.7649307185282512,4.532147730533188,4.3167158399621455,3.9691426966938184,4.600620629414554
cx5_290,cx5_290,0.322273,-0.130143,0.28,0.2,-0.034,0.05,0.14,-0.066,0.1,-0.08,0.0,-0.03,0.0732,1.098,-0.022,0.15,-0.042,-0.04,-0.1,0.012,0.044,0.16,0.05,-0.1,-0.056,0.034,0.05,0.03,0.002,-0.036,0.028,0.8718428813957176,0.9501612999343472,-1.517562722712436,3.952255815866837,3.7771484308456085,4.482845251653734,3.847098483706727,4.1245728552056455,3.601909531579523,3.407815573086071,3.6639575360916794,3.611576840486578,3.8736106581251835,4.642872893583606,4.387961373286365,3.7954625766884025,4.753073241499642
cx5_291,cx5_291,0.311136,-0.102288,0.16,0.12,0.0,-0.006,0.06,-0.03,0.1,-0.08,0.1,-0.024,0.0764,0.95,-0.02,0.14,-0.048,-0.02,-0.1,0.02,0.05,0.16,0.05,-0.14,-0.058,0.05,-0.018,0.038,0.002,-0.018,0.016,1.1524264870659064,0.9518739250805144,-2.131005729904018,4.00974392344485,3.878774145557674,4.544946372549962,3.779835120127631,4.187849793462093,3.412621262428699,3.1469427402765824,3.6913955478442664,3.5465182699336464,4.015228481591236,4.7642406272895395,4.485719505289905,3.654293739232618,4.919559802739368
cx5_292,cx5_292,0.325664,-0.113794,0.28,0.2,-0.006,0.05,0.14,-0.066,0.08,-0.1,-0.06,-0.03,0.0732,1.098,-0.02,0.15,-0.052,-0.04,-0.08,0.012,0.042,0.2,0.036,-0.1,-0.058,0.034,-0.02,0.03,0.004,-0.036,0.024,0.8672899532062414,1.0231402926149045,-0.9596125370030903,3.9936247933080393,3.763043970401394,4.498565667549333,3.933428474783531,4.132831599684481,3.7742622533016563,3.6195954793045657,3.7002412094782757,3.733814664058516,3.833551572028528,4.593888447910039,4.367567859874714,3.955540814464035,4.657568926121231
cx5_293,cx5_293,0.320357,-0.0984111,0.28,0.04,-0.036,-0.002,0.2,-0.07,0.1,-0.08,0.08,-0.03,0.0726,1.1,-0.022,0.15,-0.02,0.06,-0.08,0.01,0.04,0.2,0.034,-0.46,-0.066,0.042,-0.01,0.03,0.002,-0.036,0.02,0.6629897946344296,1.3364569118614096,-0.7397547699419907,4.072064057408414,3.8150847650559725,4.63929273241748,4.054978710818548,4.246577382547814,3.805049719998153,3.761820332410725,3.634277421281723,3.6932218633344176,3.7161025262637546,4.4841589688310535,4.281649617680039,3.9978452251088474,4.552729235256913
cx5_294,cx5_294,0.320661,-0.128993,0.28,0.2,-0.034,0.05,0.14,-0.066,0.1,-0.08,0.08,-0.03,0.0732,1.098,-0.02,0.15,-0.016,-0.04,-0.1,0.02,0.044,0.16,0.034,-0.1,-0.064,0.034,0.05,0.032,0.002,-0.036,0.026,0.776797013064841,1.09966203373072,-1.101473180793155,3.997755672779827,3.7808793575143937,4.536598704050906,3.9405494032260666,4.164736712831701,3.717253017888534,3.588617181305427,3.6577010123646976,3.666260707176203,3.800654925298963,4.569407880979168,4.339706897179153,3.904967231928711,4.653588222722262
cx5_295,cx5_295,0.325163,-0.125263,0.28,0.2,-0.006,0.05,0.14,-0.066,0.08,-0.1,-0.02,-0.03,0.0732,1.098,-0.022,0.15,-0.042,-0.04,-0.1,0.014,0.044,0.16,0.04,-0.1,-0.062,0.034,0.044,0.034,0.004,-0.036,0.024,0.9674947380264619,0.946773807956232,-1.3555642302735973,3.979152802554758,3.7846303276293263,4.485464992774155,3.8651860289541644,4.127077632227431,3.657752416762745,3.4535271397023184,3.702954555003497,3.677324580034825,3.900957226166099,4.6587307236267765,4.4120396559454145,3.853450303957168,4.750391885360835
cx5_296,cx5_296,0.324307,-0.11664,0.28,0.2,-0.032,-0.014,0.14,-0.066,0.08,-0.08,0.0,-0.03,0.072,1.098,-0.022,0.15,-0.042,0.02,-0.1,0.012,0.044,0.14,0.036,-0.1,-0.064,0.034,0.05,0.032,0.002,-0.034,0.026,0.8758200102141446,1.0331990824230886,-1.021577162493555,3.9983349369053944,3.7726496781015864,4.507957163142846,3.9295815102073797,4.141510659581936,3.753435140333778,3.597006514008955,3.69676349102942,3.720528061040121,3.8394705749501767,4.599426547885861,4.370995772243359,3.9389977408983845,4.668957792753483
cx5_297,cx5_297,0.308623,-0.111932,0.16,0.18,0.0,0.004,0.06,-0.024,0.1,-0.08,0.1,-0.024,0.0764,1.1,-0.02,0.148,-0.102,-0.02,-0.08,0.026,0.044,0.12,0.05,-0.16,-0.074,0.034,-0.018,0.036,0.002,-0.05,0.046,0.9519651897431981,0.8803731655209432,-1.94886482954551,3.9344497034575348,3.7993139124628503,4.472535474568089,3.77674144050527,4.121140004328338,3.472613544757851,3.232312478182049,3.6578538440124473,3.540323899558101,3.934841647619652,4.703784873025526,4.427028864348274,3.680896538217241,4.846299579633267
cx5_298,cx5_298,0.332239,-0.124128,0.28,0.2,-0.006,-0.01,0.14,-0.066,0.08,-0.1,-0.08,-0.03,0.0734,1.098,-0.022,0.15,-0.044,-0.04,-0.1,0.01,0.044,0.18,0.036,-0.1,-0.062,0.038,0.044,0.032,0.004,-0.042,0.018,1.0097098287498816,0.8390589306813148,-1.038335269258186,3.9544522827689734,3.733627736301,4.416390323012512,3.867923275870724,4.066385586173271,3.7732096612935297,3.551383256977676,3.7490424777639038,3.7759202970937205,3.908169265389112,4.6610976119058805,4.423309957695923,3.9478546430266426,4.716471052087653
cx5_299,cx5_299,0.307031,-0.0943756,0.28,0.2,-0.028,0.006,0.1,-0.064,0.08,-0.08,0.08,-0.03,0.0766,1.006,-0.016,0.094,-0.052,0.1,-0.08,0.006,0.0,0.1,0.038,-0.22,-0.082,0.006,-0.032,0.036,0.0,-0.04,0.05,,,,,,,,,,,,,,,,,
cx5_300,cx5_300,0.307706,-0.0914267,0.28,0.2,-0.008,0.004,0.2,-0.042,0.08,-0.08,0.1,-0.03,0.08,1.096,0.0,0.14,-0.04,0.1,-0.1,0.0,0.04,0.18,0.048,-0.2,-0.05,-0.034,-0.05,0.05,0.002,-0.026,0.03,0.9273181018182808,1.1891636834690722,-0.91271962696216,4.076400959475951,3.830496902761481,4.5966814710794495,3.9911425248321515,4.21675749544297,3.7735721950441543,3.6469650106686275,3.7053785669572576,3.7437243290185136,3.8392410006344604,4.5877690598148035,4.373097777361635,3.9786145666079245,4.653953609239077
cx5_301,cx5_301,0.300794,-0.0789227,0.28,0.18,-0.008,0.01,0.1,-0.062,0.06,-0.1,0.08,-0.03,0.0752,1.096,0.0,0.14,-0.02,0.1,-0.08,0.008,0.0,0.1,0.05,-0.48,-0.05,-0.014,-0.042,0.034,0.002,-0.006,0.032,0.7952708945303708,1.3245089846538214,-0.9532882884927312,4.0958805957373485,3.8532693871497763,4.658105413661961,4.027894407045279,4.2668511085342296,3.7416353858150178,3.66496382858137,3.654324077460519,3.681788646423889,3.7796382933007258,4.53758893756055,4.326632319205069,3.952761118268101,4.619862862625979
cx5_302,cx5_302,0.312127,-0.0998405,0.04,0.2,0.0,0.05,0.12,-0.064,0.08,-0.08,0.1,-0.03,0.073,1.098,-0.04,0.15,-0.042,0.06,-0.1,0.012,0.034,0.2,0.044,-0.1,-0.064,0.034,0.024,0.038,0.0,-0.036,0.034,0.6199976693139623,0.9433161620846953,-2.231633976999524,3.868251914584001,3.771888388901047,4.479780804899482,3.761801440666294,4.123806723227883,3.363637428386416,3.1810539939766764,3.5399960231528547,3.372409552512904,3.819463506024205,4.62312074745991,4.33296056623117,3.560306969220436,4.8073875768089005
cx5_303,cx5_303,0.31195,-0.0978883,0.28,0.04,-0.022,0.04,0.08,-0.078,0.1,-0.06,0.08,-0.03,0.0702,1.1,0.0,0.15,-0.018,0.08,-0.08,0.01,0.042,0.16,0.024,-0.46,-0.06,0.026,-0.05,0.036,0.002,-0.018,0.028,0.633391152565041,1.192778633024897,-0.003449152369404328,4.02472586442638,3.707418619903367,4.522920220916341,4.093660897610962,4.140694009161663,4.057464174827079,4.017901390509171,3.6971969404356426,3.874146528423904,3.6751310509077797,4.441317414346891,4.263506365617364,4.2028550408078384,4.436315784700038
cx5_304,cx5_304,0.3159,-0.106283,0.28,0.04,-0.018,0.032,0.2,-0.064,0.1,-0.06,0.08,-0.03,0.0742,1.1,0.0,0.15,-0.034,0.06,-0.08,0.01,0.042,0.12,0.028,0.0,-0.06,0.026,-0.048,0.038,0.002,-0.022,0.034,0.6160437631475715,1.4061887296988242,-0.4962263356395467,4.0938047488233265,3.8128468922493406,4.661871069755214,4.104179067515837,4.262704370899003,3.87474672418855,3.864503332529498,3.6345538553380274,3.72964323657998,3.678245675311578,4.445697575349624,4.2571101253883175,4.062748795673648,4.4977398665929345
